Workbook

Sheet DATOS AGENTE
D4: 328 | J4: ID EMPL | L4: =VLOOKUP(D4,BBDD!A2:BR570,2,FALSE) -> 41U639 | O4: SEGMENTO | R4: =VLOOKUP(D4,BBDD!A2:BR570,10,FALSE) -> ESTÁNDAR | W4: FORMACIÓN ESTANDAR | AC4: FORMACIÓN JURIDICO
J5: ID BOOST | L5: =VLOOKUP(D4,BBDD!A2:BR570,3,FALSE) -> 9007730 | O5: IDIOMA | R5: =VLOOKUP(D4,BBDD!A2:BR570,11,FALSE) -> FRANCES
J6: DNI | L6: =VLOOKUP(D4,BBDD!A2:BR570,4,FALSE) -> 29506767K | O6: COORDINADOR | R6: =VLOOKUP(D4,BBDD!A2:BR570,13,FALSE) -> TANYA JASMINA ASSIMI CRUZ | W6: =BBDD!AG1 -> USER SYR | Y6: =VLOOKUP(D$4,BBDD!A$2:BR$570,33,FALSE) -> 0 | AC6: =BBDD!BH1 -> LIVECHAT | AE6: =VLOOKUP(D$4,BBDD!A$2:BR$570,60,FALSE) -> #N/A
W8: =BBDD!AH1 -> LLAMADAS | Y8: =VLOOKUP(D$4,BBDD!A$2:BR$570,34,FALSE) -> 45810 | AC8: =BBDD!BI1 -> INCIVIA | AE8: =VLOOKUP(D$4,BBDD!A$2:BR$570,61,FALSE) -> #N/A
C10: DATOS DE LOGIN Y HERRAMIENTAS | J10: HORARIO 14-09 al 20-10 | W10: =BBDD!AI1 -> ASIGNACION | Y10: =VLOOKUP(D$4,BBDD!A$2:BR$570,35,FALSE) -> 45810 | AC10: =BBDD!BJ1 -> INSTRUCCIONES | AE10: =VLOOKUP(D$4,BBDD!A$2:BR$570,62,FALSE) -> #N/A
D12: TELÉFONO | F12: =VLOOKUP(D4,BBDD!A2:BR570,6,FALSE) -> 640267366 | J12: LUNES | L12: =VLOOKUP(D4,BBDD!A2:BR570,15,FALSE) -> 13_20 | W12: =BBDD!AJ1 -> BO EQUIPAJE | Y12: =VLOOKUP(D$4,BBDD!A$2:BR$570,36,FALSE) -> 45810 | AC12: =BBDD!BK1 -> DESKTOP | AE12: =VLOOKUP(D$4,BBDD!A$2:BR$570,63,FALSE) -> #N/A
D14: EMEA | F14: =VLOOKUP(D4,BBDD!A2:BR570,23,FALSE) -> ccort109 | J14: MARTES | L14: =VLOOKUP(D4,BBDD!A2:BR570,16,FALSE) -> LIBRA | W14: =BBDD!AK1 -> BO PASAJE | Y14: =VLOOKUP(D$4,BBDD!A$2:BR$570,37,FALSE) -> 45810 | AC14: =BBDD!BL1 -> TRAIN ESTANDAR | AE14: =VLOOKUP(D$4,BBDD!A$2:BR$570,64,FALSE) -> 0
D16: CORREO | F16: =VLOOKUP(D4,BBDD!A2:BR570,24,FALSE) -> ccort109@ec.foundever.com | J16: MIÉRCOLES | L16: =VLOOKUP(D4,BBDD!A2:BR570,17,FALSE) -> 12_20 | W16: =BBDD!AL1 -> VIP | Y16: =VLOOKUP(D$4,BBDD!A$2:BR$570,38,FALSE) -> #N/A | AC16: =BBDD!BM1 -> ASIGNACION | AE16: =VLOOKUP(D$4,BBDD!A$2:BR$570,65,FALSE) -> #N/A
D18: LOGIN | F18: =VLOOKUP(D4,BBDD!A2:BR570,25,FALSE) -> 3485993 | J18: JUEVES | L18: =VLOOKUP(D4,BBDD!A2:BR570,18,FALSE) -> LFS_12_20 | W18: =BBDD!AM1 -> REDES/PRENSA | Y18: =VLOOKUP(D$4,BBDD!A$2:BR$570,39,FALSE) -> #N/A | AC18: =BBDD!BN1 -> ABOGADOS_EERR | AE18: =VLOOKUP(D$4,BBDD!A$2:BR$570,66,FALSE) -> #N/A
D20: EXTENSIÓN | F20: =VLOOKUP(D4,BBDD!A2:BR570,26,FALSE) -> 3486499 | J20: VIERNES | L20: =VLOOKUP(D4,BBDD!A2:BR570,19,FALSE) -> LIBRA | W20: =BBDD!AN1 -> RPM | Y20: =VLOOKUP(D$4,BBDD!A$2:BR$570,40,FALSE) -> #N/A | AC20: =BBDD!BO1 -> DEMANDAS ESP | AE20: =VLOOKUP(D$4,BBDD!A$2:BR$570,67,FALSE) -> #N/A
D22: DOMINIO | F22: =VLOOKUP(D4,BBDD!A2:BR570,28,FALSE) -> FOUND.CCORTON | J22: SÁBADO | L22: =VLOOKUP(D4,BBDD!A2:BR570,20,FALSE) -> 13_20 | W22: =BBDD!AO1 -> INFINITA | Y22: =VLOOKUP(D$4,BBDD!A$2:BR$570,41,FALSE) -> #N/A | AC22: =BBDD!BP1 -> AESA | AE22: =VLOOKUP(D$4,BBDD!A$2:BR$570,68,FALSE) -> #N/A
D24: CALLCENTER | F24: =VLOOKUP(D4,BBDD!A2:BR570,29,FALSE) -> CCORTONJ | J24: DOMINGO | L24: =VLOOKUP(D4,BBDD!A2:BR570,21,FALSE) -> 12_20 | W24: =BBDD!AP1 -> OW/AJB | Y24: =VLOOKUP(D$4,BBDD!A$2:BR$570,42,FALSE) -> #N/A | AC24: =BBDD!BQ1 -> OMICs | AE24: =VLOOKUP(D$4,BBDD!A$2:BR$570,69,FALSE) -> #N/A
D26: RESIBER | F26: =VLOOKUP(D4,BBDD!A2:BR570,30,FALSE) -> 5778 | W26: =BBDD!AQ1 -> ATENCION PERSONAL/FELICITACIONES/SUGERENCIA/AGRADECIMIENTO | Y26: =VLOOKUP(D$4,BBDD!A$2:BR$570,43,FALSE) -> #N/A | AC26: =BBDD!BR1 -> PAGOS ESPAÑA | AE26: =VLOOKUP(D$4,BBDD!A$2:BR$570,70,FALSE) -> #N/A
D28: AMADEUS | F28: =VLOOKUP(D4,BBDD!A2:BR570,31,FALSE) -> 5778CC | W28: =BBDD!AR1 -> PMR/LESIONADOS/INTOX | Y28: =VLOOKUP(D$4,BBDD!A$2:BR$570,44,FALSE) -> #N/A
W30: =BBDD!AS1 -> TASAS CHILE | Y30: =VLOOKUP(D$4,BBDD!A$2:BR$570,45,FALSE) -> #N/A
W32: =BBDD!AT1 -> FUTUROS VUELOS | Y32: =VLOOKUP(D$4,BBDD!A$2:BR$570,46,FALSE) -> #N/A
W34: =BBDD!AU1 -> YQ | Y34: =VLOOKUP(D$4,BBDD!A$2:BR$570,47,FALSE) -> #N/A
W36: =BBDD!AV1 -> REEMBOLSOS PARCIAL Y TARIFA | Y36: =VLOOKUP(D$4,BBDD!A$2:BR$570,48,FALSE) -> #N/A
W38: =BBDD!AW1 -> REEMBOLSO TOTAL | Y38: =VLOOKUP(D$4,BBDD!A$2:BR$570,49,FALSE) -> 45807
W40: =BBDD!AX1 -> BONOS | Y40: =VLOOKUP(D$4,BBDD!A$2:BR$570,50,FALSE) -> #N/A
W42: =BBDD!AY1 -> INCIDENCIA DE PAGOS | Y42: =VLOOKUP(D$4,BBDD!A$2:BR$570,51,FALSE) -> #N/A
W44: =BBDD!AZ1 -> SERV GASTRONOMICOS | Y44: =VLOOKUP(D$4,BBDD!A$2:BR$570,52,FALSE) -> #N/A
W46: =BBDD!BA1 -> GERENCIA/GRANDES CUENTAS | Y46: =VLOOKUP(D$4,BBDD!A$2:BR$570,53,FALSE) -> #N/A
W48: =BBDD!BB1 -> SYS INFORMES/SEGUROS | Y48: =VLOOKUP(D$4,BBDD!A$2:BR$570,54,FALSE) -> #N/A
W50: =BBDD!BC1 -> ANAC | Y50: =VLOOKUP(D$4,BBDD!A$2:BR$570,55,FALSE) -> #N/A
W52: =BBDD!BD1 -> EBONOS | Y52: =VLOOKUP(D$4,BBDD!A$2:BR$570,56,FALSE) -> #N/A
W54: =BBDD!BE1 -> MACROS | Y54: =VLOOKUP(D$4,BBDD!A$2:BR$570,57,FALSE) -> #N/A
W56: =BBDD!BF1 -> EQUIPO DE BUSQUEDA | Y56: =VLOOKUP(D$4,BBDD!A$2:BR$570,58,FALSE) -> #N/A

Sheet BBDD
A1: orden | B1: ID | C1: ID_BOOST | D1: DNI | E1: NOMBRE | F1: TLF | G1: ILT/MAT/EXC | H1: SERVICIO | I1: CATEGORIA | J1: SEGMENTO | K1: IDIOMA 1 | L1: ANTIGÜEDAD | M1: TM | N1: SERVICIO | O1: 20251222 | P1: 20251223 | Q1: 20251224 | R1: 20251225 | S1: 20251226 | T1: 20251227 | U1: 20251228 | V1: HORARIO | W1: EMEA | X1: CORREO | Y1: LOGIN | Z1: EXTENSION | AA1: USER SITEL | AB1: SALESFORCE | AC1: CALLCENTER | AD1: RESIBER | AE1: AMADEUS | AF1: DESKTOP | AG1: USER SYR | AH1: LLAMADAS | AI1: ASIGNACION | AJ1: BO EQUIPAJE | AK1: BO PASAJE | AL1: VIP | AM1: REDES/PRENSA | AN1: RPM | AO1: INFINITA | AP1: OW/AJB | AQ1: ATENCION PERSONAL/FELICITACIONES/SUGERENCIA/AGRADECIMIENTO | AR1: PMR/LESIONADOS/INTOX | AS1: TASAS CHILE | AT1: FUTUROS VUELOS | AU1: YQ | AV1: REEMBOLSOS PARCIAL Y TARIFA | AW1: REEMBOLSO TOTAL | AX1: BONOS | AY1: INCIDENCIA DE PAGOS | AZ1: SERV GASTRONOMICOS | BA1: GERENCIA/GRANDES CUENTAS | BB1: SYS INFORMES/SEGUROS | BC1: ANAC | BD1: EBONOS | BE1: MACROS | BF1: EQUIPO DE BUSQUEDA | BG1: ABIERTO A LA ESPERA | BH1: LIVECHAT | BI1: INCIVIA | BJ1: INSTRUCCIONES | BK1: DESKTOP | BL1: TRAIN ESTANDAR | BM1: ASIGNACION | BN1: ABOGADOS_EERR | BO1: DEMANDAS ESP | BP1: AESA | BQ1: OMICs | BR1: PAGOS ESPAÑA | BS1: ASIGNACION IDIOMA | BT1: TRAMITACION IDIOMA | BU1: SUDAMERICA ASGNACION | BV1: SUDAMERICA TRAMITACION | BW1: REEMBOLSOS JURIDICO | BX1: AVIACIÓN CIVIL (NO AESA) | BY1: ADR | BZ1: NORMATIVA DOT | CA1: TRAIN JURIDICO | CB1: TEC | CC1: CONTAR | CD1: PETICION | CE1: vb | CF1: PETICION | CG1: vb
A2: 1 | B2: 41U525 | C2: 9007573 | D2: 54184141M | E2: JUAN MANUEL SIVIANES SANTOS | F2: 608378208 | G2: NO | H2: SYR_ABOGADOS_ESPAÑOL | I2: AGENT | J2: JURÍDICO | K2: ESPAÑOL | L2: 45782 | M2: MARIA EMILIA ALEMAN NOCEA | O2: 15_21 | P2: LIBRA | Q2: 10_16 | R2: LFS_15_21 | S2: 15_21 | T2: 15_21 | U2: LIBRA | W2: jsivi005 | X2: jsivi005@ec.foundever.com | Y2: 3487003 | Z2: 3486651 | AB2: FOUND.JMSIVIANES | AC2: JMSILVIANS | AD2: 5143 | AE2: 5143JS | AF2: JMSIVIANES@525 | AH2: 45777 | AI2: 45777 | AJ2: 45777 | AK2: 45777 | AL2: #N/A | AM2: #N/A | AN2: #N/A | AO2: #N/A | AP2: #N/A | AQ2: #N/A | AR2: #N/A | AS2: #N/A | AT2: #N/A | AU2: #N/A | AV2: #N/A | AW2: 45777 | AX2: #N/A | AY2: #N/A | AZ2: #N/A | BA2: #N/A | BB2: #N/A | BC2: #N/A | BD2: #N/A | BE2: #N/A | BF2: #N/A | BG2: #N/A | BH2: #N/A | BI2: #N/A | BJ2: #N/A | BK2: 45953 | BM2: 45957 | BN2: 45957 | BO2: #N/A | BP2: #N/A | BQ2: #N/A | BR2: #N/A | BS2: #N/A | BT2: #N/A | BU2: #N/A | BV2: #N/A | BW2: #N/A | BX2: #N/A | BY2: #N/A | BZ2: #N/A | CB2: 45740 | CC2: 1 | CD2: 2025-01 | CF2: #N/A
A3: 2 | B3: 41U169 | C3: 9007140 | D3: 77817815Y | E3: BLANCA MONTERO MUÑOZ | F3: 637841107 | G3: NO | H3: SYR_ABOGADOS_ESPAÑOL | I3: AGENT | J3: JURÍDICO | K3: ESPAÑOL | L3: 45684 | M3: MARIA EMILIA ALEMAN NOCEA | O3: 12_20 | P3: 12_20 | Q3: 12_19 | R3: LFS_12_20 | S3: 12_20 | T3: LIBRA | U3: LIBRA | W3: bmont085 | X3: bmont085@ec.sitel.com | Y3: 3485935 | Z3: 3486490 | AB3: found.bmontero | AC3: BMONTERO | AD3: 5892M | AE3: 5892BM | AF3: BMONTERO@525 | AH3: 45684 | AI3: 45684 | AJ3: 45684 | AK3: 45684 | AL3: #N/A | AM3: #N/A | AN3: #N/A | AO3: #N/A | AP3: #N/A | AQ3: #N/A | AR3: #N/A | AS3: #N/A | AT3: #N/A | AU3: #N/A | AV3: #N/A | AW3: 45747 | AX3: #N/A | AY3: #N/A | AZ3: #N/A | BA3: #N/A | BB3: #N/A | BC3: #N/A | BD3: #N/A | BE3: #N/A | BF3: #N/A | BG3: #N/A | BH3: #N/A | BI3: #N/A | BJ3: #N/A | BK3: 45965 | BM3: 45957 | BN3: 45957 | BO3: #N/A | BP3: #N/A | BQ3: #N/A | BR3: #N/A | BS3: #N/A | BT3: #N/A | BU3: #N/A | BV3: #N/A | BW3: #N/A | BX3: #N/A | BY3: #N/A | BZ3: #N/A | CB3: #N/A | CC3: 1 | CD3: 2024-23 | CF3: 2025-22
A4: 3 | B4: 41S519 | C4: 1792216 | D4: 70816980A | E4: MARIA DE LA VEGA GARCIA BLAZQUEZ | F4: 646943214 | G4: NO | H4: SYR_ABOGADOS_ESPAÑOL | I4: AGENT | J4: JURÍDICO | K4: ESPAÑOL | L4: 45275 | M4: MARIA EMILIA ALEMAN NOCEA | O4: 14_22 | P4: 14_22 | Q4: VAC_15_21 | R4: VAC_15_21 | S4: VAC_15_21 | T4: VAC_LIBRA | U4: VAC_LIBRA | W4: mgarc1028 | X4: mgarc1028@ec.sitel.com | Y4: 3485888 | Z4: 3486459 | AB4: SITEL.MVGARCIA | AC4: VGBLAZQUEZ | AD4: 4561 | AE4: 4561MD | AF4: MVGARCIA@525 | AH4: 45274 | AI4: 45359 | AJ4: 45274 | AK4: 45359 | AL4: #N/A | AM4: #N/A | AN4: #N/A | AO4: #N/A | AP4: #N/A | AQ4: #N/A | AR4: #N/A | AS4: #N/A | AT4: #N/A | AU4: #N/A | AV4: #N/A | AW4: 45757 | AX4: #N/A | AY4: #N/A | AZ4: #N/A | BA4: #N/A | BB4: #N/A | BC4: #N/A | BD4: #N/A | BE4: #N/A | BF4: #N/A | BG4: #N/A | BH4: #N/A | BI4: #N/A | BJ4: #N/A | BK4: 45950 | BM4: 45957 | BN4: 45957 | BO4: #N/A | BP4: #N/A | BQ4: #N/A | BR4: #N/A | BS4: #N/A | BT4: #N/A | BU4: #N/A | BV4: #N/A | BW4: #N/A | BX4: #N/A | BY4: #N/A | BZ4: #N/A | CB4: 45734 | CC4: 1 | CD4: 2023-25 | CF4: 2025-22
A5: 4 | B5: 41T444 | C5: 1888366 | D5: 45996545H | E5: FRANCISCO JAVIER PARRADO PECELLIN | F5: 651333188 | G5: NO | H5: SYR_ABOGADOS_ESPAÑOL | I5: AGENT | J5: JURÍDICO | K5: ESPAÑOL | L5: 45490 | M5: MARIA EMILIA ALEMAN NOCEA | O5: 15_21 | P5: LIBRA | Q5: 15_21 | R5: LFS_15_21 | S5: 15_21 | T5: 15_21 | U5: LIBRA | W5: fparr021 | X5: fparr021@ec.sitel.com | Y5: 3485719 | Z5: 3486662 | AB5: SITEL.FJPARRADO | AC5: FJAVIPP | AD5: 5477 | AE5: 5477FP | AF5: FJPARRADO@525 | AH5: 45506 | AI5: 45506 | AJ5: 45506 | AK5: 45506 | AL5: #N/A | AM5: #N/A | AN5: #N/A | AO5: #N/A | AP5: #N/A | AQ5: #N/A | AR5: #N/A | AS5: #N/A | AT5: #N/A | AU5: #N/A | AV5: #N/A | AW5: 45586 | AX5: #N/A | AY5: #N/A | AZ5: #N/A | BA5: #N/A | BB5: #N/A | BC5: #N/A | BD5: #N/A | BE5: #N/A | BF5: #N/A | BG5: #N/A | BH5: #N/A | BI5: #N/A | BJ5: #N/A | BK5: 45953 | BM5: 45957 | BN5: 45957 | BO5: #N/A | BP5: #N/A | BQ5: #N/A | BR5: #N/A | BS5: #N/A | BT5: #N/A | BU5: #N/A | BV5: #N/A | BW5: #N/A | BX5: #N/A | BY5: #N/A | BZ5: #N/A | CB5: 45729 | CC5: 1 | CD5: 2024-13 | CF5: 2025-22
A6: 5 | B6: 41T590 | C6: 9006305 | D6: 29498081Y | E6: ANGELA CASTAÑEDA REINA | F6: 641019070 | G6: NO | H6: SYR_ABOGADOS_ESPAÑOL | I6: AGENT | J6: JURÍDICO | K6: ESPAÑOL | L6: 45532 | M6: LAURA HERRERA RODRIGUEZ | O6: 14_20 | P6: 14_20 | Q6: 14_20 | R6: 14_20 | S6: 14_20 | T6: LIBRA | U6: LIBRA | W6: acast695 | X6: acast695@ec.sitel.com | Y6: 3487024 | Z6: 3481528 | AB6: SITEL.ACASTANEDA | AC6: ACASREINA | AD6: 26097 | AE6: 6097AC | AF6: ACASTANEDA@525 | AH6: 45547 | AI6: 45547 | AJ6: 45547 | AK6: 45547 | AL6: #N/A | AM6: #N/A | AN6: #N/A | AO6: #N/A | AP6: #N/A | AQ6: #N/A | AR6: #N/A | AS6: #N/A | AT6: #N/A | AU6: #N/A | AV6: #N/A | AW6: 45643 | AX6: #N/A | AY6: #N/A | AZ6: #N/A | BA6: #N/A | BB6: #N/A | BC6: #N/A | BD6: #N/A | BE6: #N/A | BF6: #N/A | BG6: #N/A | BH6: #N/A | BI6: #N/A | BJ6: #N/A | BK6: 45982 | BM6: 45931 | BN6: 45931 | BO6: 45938 | BP6: #N/A | BQ6: #N/A | BR6: 45986 | BS6: #N/A | BT6: #N/A | BU6: #N/A | BV6: #N/A | BW6: #N/A | BX6: #N/A | BY6: #N/A | BZ6: #N/A | CB6: 45729 | CC6: 1 | CD6: 2024-18 | CF6: 2025-22
A7: 6 | B7: 41T650 | C7: 9006416 | D7: 49033182B | E7: ARIADNA ARQUELLADA MORALES | F7: 646391143 | G7: NO | H7: SYR_ABOGADOS_ESPAÑOL | I7: AGENT | J7: JURÍDICO | K7: ESPAÑOL | L7: 45544 | M7: LAURA HERRERA RODRIGUEZ | O7: 13_21 | P7: LIBRA | Q7: 13_21 | R7: 13_21 | S7: 13_21 | T7: 13_21 | U7: LIBRA | W7: aarqu007 | X7: aarqu007@ec.sitel.com | Y7: 3485862 | Z7: 3486478 | AB7: sitel.aarquellad | AC7: ARQUELLADAM | AD7: 26145 | AE7: 6145AA | AF7: AARQUELLAD@525 | AH7: 45560 | AI7: 45560 | AJ7: 45560 | AK7: 45560 | AL7: #N/A | AM7: #N/A | AN7: #N/A | AO7: #N/A | AP7: #N/A | AQ7: #N/A | AR7: #N/A | AS7: #N/A | AT7: #N/A | AU7: #N/A | AV7: #N/A | AW7: 45744 | AX7: #N/A | AY7: #N/A | AZ7: #N/A | BA7: #N/A | BB7: #N/A | BC7: #N/A | BD7: #N/A | BE7: #N/A | BF7: #N/A | BG7: #N/A | BH7: #N/A | BI7: #N/A | BJ7: #N/A | BK7: 45964 | BM7: 45931 | BN7: 45931 | BO7: 45938 | BP7: #N/A | BQ7: #N/A | BR7: 45986 | BS7: #N/A | BT7: #N/A | BU7: #N/A | BV7: #N/A | BW7: #N/A | BX7: #N/A | BY7: #N/A | BZ7: #N/A | CB7: 45729 | CC7: 1 | CD7: 2024-19 | CF7: 2025-22
A8: 7 | B8: 41R522 | C8: 1692286 | D8: 47345918G | E8: ANA OROPESA BARRERA | F8: 691202008 | G8: NO | H8: SYR_ABOGADOS_ESPAÑOL_WH | I8: AGENT | J8: JURÍDICO | K8: ESPAÑOL | L8: 45063 | M8: MIGUEL CASTILLO LIMON | O8: 12_20 | P8: LIBRA | Q8: 12_20 | R8: LFS_12_20 | S8: @SSYRABESP_12_20 | T8: @SSYRABESP_12_20 | U8: LIBRA | W8: aorop006 | X8: aorop006@ec.sitel.com | Y8: 3485608 | Z8: 3481416 | AB8: SITEL.aoropesa | AC8: AOROPESA | AD8: 4599 | AE8: 4599AO | AF8: AOROPESA@525 | AH8: 45062 | AI8: 45062 | AJ8: 45062 | AK8: 45062 | AL8: #N/A | AM8: #N/A | AN8: #N/A | AO8: #N/A | AP8: #N/A | AQ8: #N/A | AR8: #N/A | AS8: #N/A | AT8: #N/A | AU8: #N/A | AV8: #N/A | AW8: 45684 | AX8: #N/A | AY8: 45175 | AZ8: #N/A | BA8: #N/A | BB8: #N/A | BC8: #N/A | BD8: #N/A | BE8: #N/A | BF8: #N/A | BG8: #N/A | BH8: #N/A | BI8: #N/A | BJ8: #N/A | BK8: 45958 | BM8: 45812 | BN8: 45812 | BO8: #N/A | BP8: #N/A | BQ8: #N/A | BR8: #N/A | BS8: #N/A | BT8: #N/A | BU8: #N/A | BV8: #N/A | BW8: #N/A | BX8: #N/A | BY8: #N/A | BZ8: #N/A | CB8: #N/A | CC8: 1 | CD8: 2023-07 | CF8: 2025-22
A9: 8 | B9: 41T832 | C9: 9006617 | D9: 47538230J | E9: ANTONIO MESA ORTEGA | F9: 674085275 | G9: NO | H9: SYR_ABOGADOS_ESPAÑOL_WH | I9: AGENT | J9: JURÍDICO | K9: ESPAÑOL | L9: 45579 | M9: MIGUEL CASTILLO LIMON | O9: LIBRA | P9: @SSYRABESP_14_21 | Q9: 14_21 | R9: LFS_14_21 | S9: @SSYRABESP_14_21 | T9: @SSYRABESP_14_21 | U9: LIBRA | W9: amesa037 | X9: amesa037@ec.sitel.com | Y9: 3485801 | Z9: 3486670 | AB9: sitel.amesa | AC9: AMESA | AD9: 5067 | AE9: 5067AM | AF9: AMESA@525 | AH9: 45579 | AI9: 45579 | AJ9: 45579 | AK9: 45579 | AL9: #N/A | AM9: #N/A | AN9: #N/A | AO9: #N/A | AP9: #N/A | AQ9: #N/A | AR9: #N/A | AS9: #N/A | AT9: #N/A | AU9: 45923 | AV9: 45734 | AW9: 45700 | AX9: #N/A | AY9: #N/A | AZ9: #N/A | BA9: #N/A | BB9: #N/A | BC9: #N/A | BD9: #N/A | BE9: #N/A | BF9: #N/A | BG9: #N/A | BH9: #N/A | BI9: #N/A | BJ9: #N/A | BK9: 45973 | BM9: 45812 | BN9: 45812 | BO9: 45937 | BP9: #N/A | BQ9: #N/A | BR9: 45971 | BS9: 45812 | BT9: #N/A | BU9: #N/A | BV9: #N/A | BW9: #N/A | BX9: #N/A | BY9: #N/A | BZ9: #N/A | CB9: #N/A | CC9: 1 | CD9: 2024-20 | CF9: 2025-22
A10: 9 | B10: 41S643 | C10: 1801673 | D10: 73004180H | E10: MARCO ANDRES RANCAÑO | F10: 628090609 | G10: NO | H10: SYR_ABOGADOS_ESPAÑOL_WH | I10: AGENT | J10: JURÍDICO | K10: ESPAÑOL | L10: 45327 | M10: PATRICIA MARTINEZ ALONSO | O10: 08_16 | P10: 08_16 | Q10: 08_16 | R10: 08_16 | S10: 08_16 | T10: LIBRA | U10: LIBRA | W10: mandr183 | X10: mandr183@ec.sitel.com | Y10: 3485728 | Z10: 3486352 | AB10: SITEL.mandres | AC10: MRANCANO | AD10: 27591 | AE10: 7591MR | AF10: MANDRES@525 | AH10: 45492 | AI10: 45492 | AJ10: 45492 | AK10: 45492 | AL10: #N/A | AM10: #N/A | AN10: #N/A | AO10: #N/A | AP10: #N/A | AQ10: #N/A | AR10: #N/A | AS10: #N/A | AT10: 45492 | AU10: #N/A | AV10: #N/A | AW10: 45677 | AX10: #N/A | AY10: #N/A | AZ10: #N/A | BA10: #N/A | BB10: #N/A | BC10: #N/A | BD10: #N/A | BE10: #N/A | BF10: #N/A | BG10: #N/A | BH10: #N/A | BI10: #N/A | BJ10: #N/A | BK10: 45978 | BM10: 45812 | BN10: 45812 | BO10: 45937 | BP10: #N/A | BQ10: #N/A | BR10: #N/A | BS10: 45812 | BT10: #N/A | BU10: #N/A | BV10: #N/A | BW10: #N/A | BX10: #N/A | BY10: #N/A | BZ10: #N/A | CB10: 45723 | CC10: 1 | CD10: 2024-11 | CF10: 2025-22
A11: 10 | B11: 41T431 | C11: 1888352 | D11: 49192172W | E11: MARIA DE LAS CASAS LEON | F11: 682725170 | G11: NO | H11: SYR_ABOGADOS_ESPAÑOL_WH | I11: AGENT | J11: JURÍDICO | K11: ESPAÑOL | L11: 45490 | M11: LAURA HERRERA RODRIGUEZ | O11: 12_20 | P11: 13_20 | Q11: VAC_12_20 | R11: LFS_12_20 | S11: 12_20 | T11: LIBRA | U11: LIBRA | W11: mdela599 | X11: mdela599@ec.sitel.com | Y11: 3485185 | Z11: 3486495 | AB11: SITEL.mcasas | AC11: MARIADCAL | AD11: 5302 | AE11: 5302MD | AF11: MCASAS@525 | AH11: 45506 | AI11: 45506 | AJ11: 45506 | AK11: 45506 | AL11: #N/A | AM11: #N/A | AN11: #N/A | AO11: #N/A | AP11: #N/A | AQ11: #N/A | AR11: #N/A | AS11: #N/A | AT11: #N/A | AU11: #N/A | AV11: #N/A | AW11: 45625 | AX11: #N/A | AY11: #N/A | AZ11: #N/A | BA11: #N/A | BB11: #N/A | BC11: #N/A | BD11: #N/A | BE11: #N/A | BF11: #N/A | BG11: #N/A | BH11: #N/A | BI11: #N/A | BJ11: #N/A | BK11: 46001 | BM11: 45931 | BN11: 45931 | BO11: 45938 | BP11: #N/A | BQ11: #N/A | BR11: #N/A | BS11: #N/A | BT11: #N/A | BU11: #N/A | BV11: #N/A | BW11: #N/A | BX11: #N/A | BY11: #N/A | BZ11: #N/A | CB11: #N/A | CC11: 1 | CD11: 2024-13 | CF11: #N/A
A12: 11 | B12: 41T443 | C12: 1888365 | D12: 29533645N | E12: LAURA PALOMINO FERNANDEZ | F12: 654859682 | G12: NO | H12: SYR_ABOGADOS_ESPAÑOL_WH | I12: AGENT | J12: JURÍDICO | K12: ESPAÑOL | L12: 45490 | M12: FABIO GREGORI | O12: VAC_15_21 | P12: VAC_15_21 | Q12: VAC_15_21 | R12: VAC_15_21 | S12: VAC_15_21 | T12: VAC_LIBRA | U12: VAC_LIBRA | W12: lpalo025 | X12: lpalo025@ec.sitel.com | Y12: 3485394 | Z12: 3486467 | AB12: SITEL.LPALOMINO | AC12: LAURPALF | AD12: 5325 | AE12: 5325LP | AF12: LPALOMINO@525 | AH12: 45506 | AI12: 45506 | AJ12: 45506 | AK12: 45506 | AL12: #N/A | AM12: #N/A | AN12: #N/A | AO12: #N/A | AP12: #N/A | AQ12: #N/A | AR12: #N/A | AS12: #N/A | AT12: #N/A | AU12: #N/A | AV12: #N/A | AW12: 45625 | AX12: #N/A | AY12: #N/A | AZ12: #N/A | BA12: #N/A | BB12: #N/A | BC12: #N/A | BD12: #N/A | BE12: #N/A | BF12: #N/A | BG12: #N/A | BH12: #N/A | BI12: #N/A | BJ12: #N/A | BK12: 46001 | BM12: 45957 | BN12: 45957 | BO12: #N/A | BP12: #N/A | BQ12: #N/A | BR12: #N/A | BS12: #N/A | BT12: #N/A | BU12: #N/A | BV12: #N/A | BW12: #N/A | BX12: #N/A | BY12: #N/A | BZ12: #N/A | CB12: 45734 | CC12: 1 | CD12: 2024-13 | CF12: #N/A
A13: 12 | B13: 41T471 | C13: 1890123 | D13: 47545326W | E13: MARIA SANCHEZ GALVEZ | F13: 679528741 | G13: NO | H13: SYR_ABOGADOS_ESPAÑOL_WH | I13: AGENT | J13: JURÍDICO | K13: ESPAÑOL | L13: 45502 | M13: LAURA HERRERA RODRIGUEZ | O13: 15_21 | P13: 15_21 | Q13: 10_16 | R13: LFS_15_21 | S13: 15_21 | T13: LIBRA | U13: LIBRA | W13: msanc629 | X13: msanc629@ec.sitel.com | Y13: 3485941 | Z13: 3481195 | AB13: SITEL.MSANCHEZG | AC13: MSANCHEZGALV | AD13: 5656 | AE13: 5656MS | AF13: MSANCHEZG@525 | AH13: 45514 | AI13: 45514 | AJ13: 45514 | AK13: 45514 | AL13: #N/A | AM13: #N/A | AN13: #N/A | AO13: #N/A | AP13: #N/A | AQ13: #N/A | AR13: #N/A | AS13: #N/A | AT13: #N/A | AU13: #N/A | AV13: #N/A | AW13: 45694 | AX13: #N/A | AY13: #N/A | AZ13: #N/A | BA13: #N/A | BB13: #N/A | BC13: #N/A | BD13: #N/A | BE13: #N/A | BF13: #N/A | BG13: #N/A | BH13: #N/A | BI13: #N/A | BJ13: #N/A | BK13: 45953 | BM13: 45957 | BN13: 45957 | BO13: #N/A | BP13: #N/A | BQ13: #N/A | BR13: #N/A | BS13: #N/A | BT13: #N/A | BU13: #N/A | BV13: #N/A | BW13: #N/A | BX13: #N/A | BY13: #N/A | BZ13: #N/A | CB13: #N/A | CC13: 1 | CD13: 2024-14 | CF13: #N/A
A14: 13 | B14: 417775 | C14: 9000724 | D14: 20799486B | E14: ELIZABETH GARCIA OCHERA | F14: 657995848 | G14: NO | H14: SYR_ABOGADOS_ESPAÑOL_WH | I14: AGENT | J14: JURÍDICO | K14: ESPAÑOL | L14: 39135 | M14: OSCAR EDUARDO CAÑIZALEZ PEREZ | O14: 14_20 | P14: 14_20 | Q14: 14_20 | R14: LFS_14_20 | S14: 14_20 | T14: LIBRA | U14: LIBRA | W14: egarc011 | X14: egarc011@ec.sitel.com | Y14: 3485633 | Z14: 3486261 | AB14: sitel.egarciao | AC14: EGARCI | AD14: 4340 | AE14: 4340EG | AF14: EGARCIAO@525 | AH14: 44641 | AI14: 44641 | AJ14: 44641 | AK14: 44641 | AL14: #N/A | AM14: 45245 | AN14: #N/A | AO14: #N/A | AP14: #N/A | AQ14: #N/A | AR14: 45246 | AS14: #N/A | AT14: #N/A | AU14: #N/A | AV14: #N/A | AW14: 45744 | AX14: #N/A | AY14: #N/A | AZ14: #N/A | BA14: #N/A | BB14: #N/A | BC14: #N/A | BD14: #N/A | BE14: #N/A | BF14: #N/A | BG14: #N/A | BH14: #N/A | BI14: #N/A | BJ14: #N/A | BK14: 46002 | BM14: #N/A | BN14: #N/A | BO14: #N/A | BP14: #N/A | BQ14: #N/A | BR14: #N/A | BS14: #N/A | BT14: #N/A | BU14: #N/A | BV14: #N/A | BW14: #N/A | BX14: #N/A | BY14: #N/A | BZ14: #N/A | CB14: 45734 | CC14: 1 | CD14: #N/A | CF14: #N/A
A15: 14 | B15: 416397 | C15: 9001093 | D15: 44953114M | E15: BEATRIZ URBINA LAVIN | F15: 608678427 | G15: NO | H15: SYR_ABOGADOS_ESPAÑOL_WH | I15: AGENT | J15: JURÍDICO | K15: ESPAÑOL | L15: 42621 | M15: OSCAR EDUARDO CAÑIZALEZ PEREZ | O15: 15_23 | P15: 15_22 | Q15: VAC_15_23 | R15: VAC_15_23 | S15: VAC_15_23 | T15: VAC_LIBRA | U15: VAC_LIBRA | W15: burbi002 | X15: burbi002@ec.sitel.com | Y15: 3485253 | Z15: 3481207 | AB15: SITEL.burbina | AC15: BURBINAL | AD15: 26238U | AE15: 6238BU | AF15: 0 | AH15: 45448 | AI15: 45448 | AJ15: 45448 | AK15: 45448 | AL15: #N/A | AM15: #N/A | AN15: #N/A | AO15: #N/A | AP15: #N/A | AQ15: #N/A | AR15: #N/A | AS15: #N/A | AT15: #N/A | AU15: #N/A | AV15: #N/A | AW15: 45679 | AX15: #N/A | AY15: #N/A | AZ15: #N/A | BA15: #N/A | BB15: #N/A | BC15: #N/A | BD15: #N/A | BE15: #N/A | BF15: #N/A | BG15: #N/A | BH15: #N/A | BI15: #N/A | BJ15: #N/A | BK15: #N/A | BM15: #N/A | BN15: #N/A | BO15: #N/A | BP15: #N/A | BQ15: #N/A | BR15: #N/A | BS15: #N/A | BT15: #N/A | BU15: #N/A | BV15: #N/A | BW15: #N/A | BX15: #N/A | BY15: #N/A | BZ15: #N/A | CB15: #N/A | CC15: 1 | CD15: #N/A | CF15: #N/A
A16: 15 | B16: 41T905 | C16: 9006751 | D16: 77817313X | E16: ANA CRISTINA DIAZ ROBLES | F16: 637122222 | G16: NO | H16: SYR_ABOGADOS_ESPAÑOL_WH | I16: AGENT | J16: JURÍDICO | K16: ESPAÑOL | L16: 45600 | M16: OSCAR EDUARDO CAÑIZALEZ PEREZ | O16: LIBRA | P16: @SSYRABESP_15_21 | Q16: 15_21 | R16: 15_21 | S16: @SSYRABESP_15_21 | T16: @SSYRABESP_15_21 | U16: LIBRA | W16: adiaz349 | X16: adiaz349@ec.sitel.com | Y16: 3485995 | Z16: 3486738 | AB16: sitel.acdiaz | AC16: ANACRISDIA | AD16: 5648 | AE16: 5648AD | AF16: 0 | AH16: 45589 | AI16: 45600 | AJ16: 45600 | AK16: 45600 | AL16: 45875 | AM16: #N/A | AN16: #N/A | AO16: 30/09/2025@ | AP16: #N/A | AQ16: 45875 | AR16: #N/A | AS16: #N/A | AT16: #N/A | AU16: #N/A | AV16: #N/A | AW16: 45737 | AX16: #N/A | AY16: #N/A | AZ16: #N/A | BA16: #N/A | BB16: #N/A | BC16: #N/A | BD16: #N/A | BE16: #N/A | BF16: #N/A | BG16: #N/A | BH16: #N/A | BI16: #N/A | BJ16: #N/A | BK16: #N/A | BM16: #N/A | BN16: #N/A | BO16: #N/A | BP16: #N/A | BQ16: #N/A | BR16: #N/A | BS16: #N/A | BT16: #N/A | BU16: #N/A | BV16: #N/A | BW16: #N/A | BX16: #N/A | BY16: #N/A | BZ16: #N/A | CB16: 45729 | CC16: 1 | CD16: 2024-23 | CF16: #N/A
A17: 16 | B17: 41E071 | C17: 9001541 | D17: 44609195M | E17: MARIA JOSE FERNANDEZ MORENO | F17: 692153887 | G17: NO | H17: SYR_ABOGADOS_ESPAÑOL_WH | I17: AGENT | J17: JURÍDICO | K17: ESPAÑOL | L17: 41774 | M17: NIKOLAY NAZAROV | O17: 08_1430 | P17: 08_1430 | Q17: 08_1430 | R17: LFS_08_1430 | S17: 08_1430 | T17: LIBRA | U17: LIBRA | W17: mfern324 | X17: mfern324@ec.sitel.com | Y17: 3485439 | Z17: 3481266 | AB17: sitel.mjfernande | AC17: MJFERENANDEZ | AD17: 27700 | AE17: 27700MF | AF17: MJFERNANDE@525 | AH17: 44817 | AI17: 44817 | AJ17: 44817 | AK17: 45057 | AL17: #N/A | AM17: #N/A | AN17: #N/A | AO17: #N/A | AP17: #N/A | AQ17: #N/A | AR17: #N/A | AS17: #N/A | AT17: #N/A | AU17: #N/A | AV17: #N/A | AW17: 45677 | AX17: #N/A | AY17: #N/A | AZ17: #N/A | BA17: #N/A | BB17: #N/A | BC17: #N/A | BD17: #N/A | BE17: #N/A | BF17: #N/A | BG17: #N/A | BH17: #N/A | BI17: #N/A | BJ17: #N/A | BK17: 45982 | BM17: 45931 | BN17: 45931 | BO17: 45938 | BP17: #N/A | BQ17: #N/A | BR17: #N/A | BS17: #N/A | BT17: #N/A | BU17: #N/A | BV17: #N/A | BW17: #N/A | BX17: #N/A | BY17: #N/A | BZ17: #N/A | CB17: 45726 | CC17: 1 | CD17: 2022-22 | CF17: #N/A
A18: 17 | B18: 41T830 | C18: 9006615 | D18: 54180074D | E18: MARIA DEL ROCIO GOMEZ GONZALEZ | F18: 644341026 | G18: NO | H18: SYR_ABOGADOS_ESPAÑOL_WH | I18: AGENT | J18: JURÍDICO | K18: ESPAÑOL | L18: 45579 | M18: MARIA EMILIA ALEMAN NOCEA | O18: LIBRA | P18: 15_22 | Q18: 14_21 | R18: LFS_15_22 | S18: 15_22 | T18: 10_17 | U18: LIBRA | W18: mgome471 | X18: mgome471@ec.sitel.com | Y18: 3485983 | Z18: 3481551 | AB18: sitel.mrgomez | AC18: RGOMEZG | AD18: 5899 | AE18: 5899MG | AF18: MRGOMEZ@525 | AH18: 45579 | AI18: 45579 | AJ18: 45579 | AK18: 45579 | AL18: #N/A | AM18: #N/A | AN18: #N/A | AO18: #N/A | AP18: #N/A | AQ18: #N/A | AR18: #N/A | AS18: #N/A | AT18: #N/A | AU18: #N/A | AV18: 45734 | AW18: 45698 | AX18: #N/A | AY18: #N/A | AZ18: #N/A | BA18: #N/A | BB18: #N/A | BC18: #N/A | BD18: #N/A | BE18: #N/A | BF18: #N/A | BG18: #N/A | BH18: #N/A | BI18: #N/A | BJ18: #N/A | BK18: 45973 | BM18: 45957 | BN18: 45957 | BO18: #N/A | BP18: #N/A | BQ18: #N/A | BR18: #N/A | BS18: #N/A | BT18: #N/A | BU18: #N/A | BV18: #N/A | BW18: #N/A | BX18: #N/A | BY18: #N/A | BZ18: #N/A | CB18: #N/A | CC18: 1 | CD18: 2024-20 | CF18: #N/A
A19: 18 | B19: 41T505 | C19: 1891134 | D19: X7564112X | E19: FLORINA ALEXANDRA BOGDAN | F19: 642908493 | G19: NO | H19: SYR_ABOGADOS_INGLES | I19: AGENT | J19: JURÍDICO | K19: INGLÉS | L19: 45505 | M19: MIGUEL CASTILLO LIMON | O19: 12_20 | P19: 13_20 | Q19: 12_19 | R19: LFS_12_20 | S19: 13_20 | T19: LIBRA | U19: LIBRA | W19: fbogd003 | X19: fbogd003@ec.sitel.com | Y19: 3485721 | Z19: 3486360 | AB19: SITEL.fbogdan | AC19: FLORINABOG | AD19: 5182 | AE19: 5182FB | AF19: FBOGDAN@525 | AH19: 45523 | AI19: 45523 | AJ19: 45523 | AK19: 45523 | AL19: 45600 | AM19: 45600 | AN19: 04/11/2024@ | AO19: #N/A | AP19: #N/A | AQ19: #N/A | AR19: #N/A | AS19: #N/A | AT19: #N/A | AU19: 45912 | AV19: 45734 | AW19: 45694 | AX19: #N/A | AY19: #N/A | AZ19: #N/A | BA19: #N/A | BB19: #N/A | BC19: #N/A | BD19: #N/A | BE19: #N/A | BF19: #N/A | BG19: #N/A | BH19: #N/A | BI19: #N/A | BJ19: #N/A | BK19: 45973 | BM19: 45812 | BN19: 45812 | BO19: 46006 | BP19: #N/A | BQ19: 45929 | BR19: #N/A | BS19: 45812 | BT19: #N/A | BU19: #N/A | BV19: #N/A | BW19: #N/A | BX19: 45979 | BY19: #N/A | BZ19: #N/A | CB19: #N/A | CC19: 1 | CD19: 2024-15 | CF19: #N/A
A20: 19 | B20: 41T392 | C20: 1888639 | D20: 18558406M | E20: MARCELA ALEXANDRA BORREGO MERINO | F20: 613830821 | G20: NO | H20: SYR_ABOGADOS_INGLES | I20: AGENT | J20: JURÍDICO | K20: INGLÉS | L20: 45481 | M20: NIKOLAY NAZAROV | O20: LFC_15_22 | P20: 15_22 | Q20: 15_22 | R20: LFS_15_22 | S20: 15_22 | T20: 07_14 | U20: LIBRA | W20: mborr047 | X20: mborr047@ec.sitel.com | Y20: 3485890 | Z20: 3486583 | AB20: sitel.maborrego | AC20: MARBORMER | AD20: 5357 | AE20: 5357MB | AF20: MABORREGO@525 | AH20: 45497 | AI20: 45497 | AJ20: 45497 | AK20: 45497 | AL20: #N/A | AM20: #N/A | AN20: #N/A | AO20: #N/A | AP20: #N/A | AQ20: #N/A | AR20: #N/A | AS20: #N/A | AT20: #N/A | AU20: #N/A | AV20: #N/A | AW20: 45742 | AX20: #N/A | AY20: #N/A | AZ20: #N/A | BA20: #N/A | BB20: #N/A | BC20: #N/A | BD20: #N/A | BE20: #N/A | BF20: #N/A | BG20: #N/A | BH20: #N/A | BI20: #N/A | BJ20: #N/A | BK20: 45982 | BM20: 45862 | BN20: 45862 | BO20: #N/A | BP20: #N/A | BQ20: 45929 | BR20: #N/A | BS20: 45862 | BT20: #N/A | BU20: #N/A | BV20: #N/A | BW20: #N/A | BX20: #N/A | BY20: #N/A | BZ20: #N/A | CB20: #N/A | CC20: 1 | CD20: 2024-12 | CF20: #N/A
A21: 20 | B21: 41T549 | C21: 1893321 | D21: 32089134V | E21: SANDRA NUÑEZ CABALLERO | F21: 687504028 | G21: NO | H21: SYR_ABOGADOS_INGLES | I21: AGENT | J21: JURÍDICO | K21: INGLÉS | L21: 45516 | M21: NIKOLAY NAZAROV | O21: VAC_15_22 | P21: VAC_09_16 | Q21: VAC_15_22 | R21: VAC_09_16 | S21: 15_22 | T21: LIBRA | U21: LIBRA | W21: snune039 | X21: snune039@ec.sitel.com | Y21: 3487057 | Z21: 3481561 | AB21: SITEL.snunezc | AC21: SNUNEZ | AD21: 5335 | AE21: 5335SN | AF21: SNUNEZC@525 | AH21: 45531 | AI21: 45531 | AJ21: 45531 | AK21: 45531 | AL21: 45600 | AM21: 45600 | AN21: 04/11/2024@ | AO21: #N/A | AP21: #N/A | AQ21: #N/A | AR21: #N/A | AS21: #N/A | AT21: #N/A | AU21: #N/A | AV21: #N/A | AW21: 45679 | AX21: #N/A | AY21: #N/A | AZ21: #N/A | BA21: #N/A | BB21: #N/A | BC21: #N/A | BD21: #N/A | BE21: #N/A | BF21: #N/A | BG21: #N/A | BH21: #N/A | BI21: #N/A | BJ21: #N/A | BK21: 45954 | BM21: 45862 | BN21: 45862 | BO21: 45915 | BP21: #N/A | BQ21: 45929 | BR21: 45986 | BS21: 45862 | BT21: #N/A | BU21: #N/A | BV21: #N/A | BW21: #N/A | BX21: #N/A | BY21: #N/A | BZ21: #N/A | CB21: #N/A | CC21: 1 | CD21: 2024-16 | CF21: #N/A
A22: 21 | B22: 41M881 | C22: 9005703 | D22: 08896278Q | E22: JOSE GALVEZ CORTES | F22: 691239944 | G22: NO | H22: SYR_ABOGADOS_INGLES | I22: AGENT | J22: JURÍDICO | K22: INGLÉS | L22: 45464 | M22: PATRICIA MARTINEZ ALONSO | O22: VAC_08_15 | P22: VAC_08_15 | Q22: VAC_08_15 | R22: VAC_08_15 | S22: VAC_08_15 | T22: VAC_LIBRA | U22: VAC_LIBRA | W22: jgalv104 | X22: jgalv104@ec.sitel.com | Y22: 3485963 | Z22: 3486663 | AB22: sitel.jgalvez | AC22: JGALVEZC | AD22: 5348 | AE22: 5348JG | AF22: JGALVEZ@525 | AH22: 45481 | AI22: 45481 | AJ22: 45481 | AK22: 45481 | AL22: 45681 | AM22: #N/A | AN22: #N/A | AO22: #N/A | AP22: 45681 | AQ22: #N/A | AR22: #N/A | AS22: #N/A | AT22: #N/A | AU22: 45922 | AV22: 45734 | AW22: 45616 | AX22: #N/A | AY22: #N/A | AZ22: #N/A | BA22: #N/A | BB22: #N/A | BC22: #N/A | BD22: #N/A | BE22: #N/A | BF22: #N/A | BG22: #N/A | BH22: #N/A | BI22: #N/A | BJ22: #N/A | BK22: 45957 | BM22: 45862 | BN22: 45862 | BO22: 46006 | BP22: 45930 | BQ22: #N/A | BR22: #N/A | BS22: 45862 | BT22: #N/A | BU22: #N/A | BV22: #N/A | BW22: #N/A | BX22: #N/A | BY22: #N/A | BZ22: #N/A | CB22: #N/A | CC22: 1 | CD22: 2024-09 | CF22: #N/A
A23: 22 | B23: 41U173 | C23: 9007144 | D23: 26776033P | E23: HELENA RIVERO GIL | F23: 603018998 | G23: NO | H23: SYR_ABOGADOS_INGLES | I23: AGENT | J23: JURÍDICO | K23: INGLÉS | L23: 45684 | M23: LAURA HERRERA RODRIGUEZ | O23: 09_17 | P23: 09_16 | Q23: 09_17 | R23: LFS_09_17 | S23: 09_17 | T23: LIBRA | U23: LIBRA | W23: hrive040 | X23: hrive040@ec.sitel.com | Y23: 3487038 | Z23: 3486567 | AB23: found.hrivero | AC23: HRIVERO | AD23: 5838R | AE23: 5838HR | AF23: HRIVERO@525 | AH23: 45684 | AI23: 45684 | AJ23: 45684 | AK23: 45684 | AL23: #N/A | AM23: #N/A | AN23: #N/A | AO23: #N/A | AP23: #N/A | AQ23: #N/A | AR23: #N/A | AS23: #N/A | AT23: #N/A | AU23: #N/A | AV23: #N/A | AW23: 45756 | AX23: #N/A | AY23: #N/A | AZ23: #N/A | BA23: #N/A | BB23: #N/A | BC23: #N/A | BD23: #N/A | BE23: #N/A | BF23: #N/A | BG23: #N/A | BH23: #N/A | BI23: #N/A | BJ23: #N/A | BK23: 45973 | BM23: 45873 | BN23: 45873 | BO23: 45915 | BP23: #N/A | BQ23: 45929 | BR23: 45971 | BS23: 45979 | BT23: 45979 | BU23: #N/A | BV23: #N/A | BW23: #N/A | BX23: 45979 | BY23: #N/A | BZ23: #N/A | CB23: 45729 | CC23: 1 | CD23: 2024-23 | CF23: #N/A
A24: 23 | B24: 41U174 | C24: 9007145 | D24: 30217867F | E24: GAELLE ROBERT MANCERA | F24: 633567371 | G24: NO | H24: SYR_ABOGADOS_INGLES | I24: AGENT | J24: JURÍDICO | K24: INGLÉS | L24: 45684 | M24: LAURA HERRERA RODRIGUEZ | O24: 15_2130 | P24: 15_2130 | Q24: LIBRA | R24: LFS_15_2130 | S24: 15_2130 | T24: 15_2130 | U24: LIBRA | W24: grobe027 | X24: grobe027@ec.sitel.com | Y24: 3485848 | Z24: 3481535 | AB24: found.grobert | AC24: GROBERT | AD24: 5890M | AE24: 5890GM | AF24: GROBERT@525 | AH24: 45684 | AI24: 45684 | AJ24: 45684 | AK24: 45684 | AL24: #N/A | AM24: #N/A | AN24: #N/A | AO24: #N/A | AP24: #N/A | AQ24: #N/A | AR24: #N/A | AS24: #N/A | AT24: #N/A | AU24: #N/A | AV24: #N/A | AW24: 45754 | AX24: #N/A | AY24: #N/A | AZ24: #N/A | BA24: #N/A | BB24: #N/A | BC24: #N/A | BD24: #N/A | BE24: #N/A | BF24: #N/A | BG24: #N/A | BH24: #N/A | BI24: #N/A | BJ24: #N/A | BK24: 45964 | BM24: 45873 | BN24: 45873 | BO24: 45915 | BP24: #N/A | BQ24: 45929 | BR24: 45971 | BS24: #N/A | BT24: #N/A | BU24: #N/A | BV24: #N/A | BW24: #N/A | BX24: #N/A | BY24: #N/A | BZ24: #N/A | CB24: 45729 | CC24: 1 | CD24: 2024-23 | CF24: #N/A
A25: 24 | B25: 41S237 | C25: 1776323 | D25: 28843891M | E25: CLAUDIA SMITH GUTIERREZ | F25: 625509314 | G25: NO | H25: SYR_ABOGADOS_INGLES | I25: AGENT | J25: JURÍDICO | K25: INGLÉS | L25: 45217 | M25: LAURA HERRERA RODRIGUEZ | O25: 09_15 | P25: 09_15 | Q25: 09_15 | R25: 11_17 | S25: 09_15 | T25: LIBRA | U25: LIBRA | W25: csmit513 | X25: csmit513@ec.sitel.com | Y25: 3485853 | Z25: 3486379 | AB25: SITEL.csmith | AC25: CSMITH | AD25: 4468 | AE25: 4468CS | AF25: CSMITH@525 | AH25: 45210 | AI25: 45369 | AJ25: 45217 | AK25: 45369 | AL25: #N/A | AM25: #N/A | AN25: #N/A | AO25: #N/A | AP25: #N/A | AQ25: #N/A | AR25: #N/A | AS25: #N/A | AT25: #N/A | AU25: #N/A | AV25: #N/A | AW25: 45831 | AX25: #N/A | AY25: #N/A | AZ25: #N/A | BA25: #N/A | BB25: #N/A | BC25: #N/A | BD25: #N/A | BE25: #N/A | BF25: #N/A | BG25: #N/A | BH25: #N/A | BI25: #N/A | BJ25: #N/A | BK25: 45953 | BM25: 45931 | BN25: 45931 | BO25: 45938 | BP25: #N/A | BQ25: #N/A | BR25: #N/A | BS25: #N/A | BT25: #N/A | BU25: #N/A | BV25: #N/A | BW25: #N/A | BX25: #N/A | BY25: #N/A | BZ25: #N/A | CB25: #N/A | CC25: 1 | CD25: 2023-21 | CF25: #N/A
A26: 25 | B26: 41U687 | C26: 9007844 | D26: 30251448P | E26: PAULA COBO DEL OLMO | F26: 620716940 | G26: NO | H26: SYR_ABOGADOS_INGLES | I26: AGENT | J26: JURÍDICO | K26: INGLÉS | L26: 45824 | M26: MARIA EMILIA ALEMAN NOCEA | O26: 15_22 | P26: 15_22 | Q26: 15_22 | R26: LFS_15_22 | S26: 15_22 | T26: LIBRA | U26: LIBRA | W26: pcobo002 | X26: pcobo002@ec.foundever.com | Y26: 3485790 | Z26: 3481409 | AB26: found.pcobo | AC26: PAULACOBO | AD26: 5299 | AE26: 5299PC | AF26: PCOBO@525 | AH26: 45824 | AI26: 45824 | AJ26: 45824 | AK26: 45824 | AL26: #N/A | AM26: #N/A | AN26: #N/A | AO26: #N/A | AP26: #N/A | AQ26: #N/A | AR26: #N/A | AS26: #N/A | AT26: #N/A | AU26: #N/A | AV26: #N/A | AW26: 45819 | AX26: #N/A | AY26: #N/A | AZ26: #N/A | BA26: #N/A | BB26: #N/A | BC26: #N/A | BD26: #N/A | BE26: #N/A | BF26: #N/A | BG26: #N/A | BH26: #N/A | BI26: #N/A | BJ26: #N/A | BK26: 45954 | BM26: 45957 | BN26: 45957 | BO26: #N/A | BP26: #N/A | BQ26: #N/A | BR26: #N/A | BS26: #N/A | BT26: #N/A | BU26: #N/A | BV26: #N/A | BW26: #N/A | BX26: #N/A | BY26: #N/A | BZ26: #N/A | CB26: 45820 | CC26: 1 | CD26: 2025-07 | CF26: #N/A
A27: 26 | B27: 41U692 | C27: 9007848 | D27: 47555117H | E27: JOSE CARLOS SEVILLA DURAN | F27: 678190616 | G27: NO | H27: SYR_ABOGADOS_INGLES | I27: AGENT | J27: JURÍDICO | K27: INGLÉS | L27: 45824 | M27: MARIA EMILIA ALEMAN NOCEA | O27: 15_22 | P27: 15_22 | Q27: 15_22 | R27: 15_22 | S27: 15_22 | T27: LIBRA | U27: LIBRA | W27: jsevi066 | X27: jsevi066@ec.foundever.com | Y27: 3485511 | Z27: 3481382 | AB27: found.jcsevilla | AC27: JCARSEVI | AD27: 5074 | AE27: 5074JS | AF27: JCSEVILLA@525 | AH27: 45824 | AI27: 45824 | AJ27: 45824 | AK27: 45824 | AL27: #N/A | AM27: #N/A | AN27: #N/A | AO27: #N/A | AP27: #N/A | AQ27: #N/A | AR27: #N/A | AS27: #N/A | AT27: #N/A | AU27: #N/A | AV27: #N/A | AW27: 45819 | AX27: #N/A | AY27: #N/A | AZ27: #N/A | BA27: #N/A | BB27: #N/A | BC27: #N/A | BD27: #N/A | BE27: #N/A | BF27: #N/A | BG27: #N/A | BH27: #N/A | BI27: #N/A | BJ27: #N/A | BK27: 45964 | BM27: 45957 | BN27: 45957 | BO27: #N/A | BP27: #N/A | BQ27: #N/A | BR27: #N/A | BS27: #N/A | BT27: #N/A | BU27: #N/A | BV27: #N/A | BW27: #N/A | BX27: #N/A | BY27: #N/A | BZ27: #N/A | CB27: 45820 | CC27: 1 | CD27: 2025-07 | CF27: #N/A
A28: 27 | B28: 41U650 | C28: 9007722 | D28: 77850099K | E28: MARIA THIRIET CHAPARRO | F28: 672238177 | G28: NO | H28: SYR_ABOGADOS_INGLES | I28: AGENT | J28: JURÍDICO | K28: INGLÉS | L28: 45810 | M28: MARIA EMILIA ALEMAN NOCEA | O28: 14_22 | P28: 14_22 | Q28: 14_21 | R28: LFS_14_22 | S28: 14_22 | T28: LIBRA | U28: LIBRA | W28: mthir009 | X28: mthir009@ec.foundever.com | Y28: 3485921 | Z28: 3486425 | AB28: found.mthiriet | AC28: MTHIRIETC | AD28: 5484 | AE28: 5484MT | AF28: MTHIRIET@525 | AH28: 45810 | AI28: 45810 | AJ28: 45810 | AK28: 45810 | AL28: #N/A | AM28: #N/A | AN28: #N/A | AO28: #N/A | AP28: #N/A | AQ28: #N/A | AR28: #N/A | AS28: #N/A | AT28: #N/A | AU28: #N/A | AV28: #N/A | AW28: 45807 | AX28: #N/A | AY28: #N/A | AZ28: #N/A | BA28: #N/A | BB28: #N/A | BC28: #N/A | BD28: #N/A | BE28: #N/A | BF28: #N/A | BG28: #N/A | BH28: #N/A | BI28: #N/A | BJ28: #N/A | BK28: 45958 | BM28: 45957 | BN28: 45957 | BO28: #N/A | BP28: #N/A | BQ28: #N/A | BR28: #N/A | BS28: #N/A | BT28: #N/A | BU28: #N/A | BV28: #N/A | BW28: #N/A | BX28: #N/A | BY28: #N/A | BZ28: #N/A | CB28: 45821 | CC28: 1 | CD28: 2025-03 | CF28: #N/A
A29: 28 | B29: 41U648 | C29: 9007723 | D29: 48192112M | E29: INES MARIA SIMON SERRANO | F29: 722769714 | G29: NO | H29: SYR_ABOGADOS_INGLES | I29: AGENT | J29: JURÍDICO | K29: INGLÉS | L29: 45810 | M29: MARIA EMILIA ALEMAN NOCEA | O29: 15_21 | P29: LIBRA | Q29: 15_21 | R29: LFS_15_21 | S29: 15_21 | T29: 10_16 | U29: LIBRA | W29: isimo015 | X29: isimo015@ec.foundever.com | Y29: 3485629 | Z29: 3486659 | AB29: found.imsimon | AC29: ISIMONS | AD29: 5279 | AE29: 5279IS | AF29: IMSIMON@525 | AH29: 45810 | AI29: 45810 | AJ29: 45810 | AK29: 45810 | AL29: #N/A | AM29: #N/A | AN29: #N/A | AO29: #N/A | AP29: #N/A | AQ29: #N/A | AR29: #N/A | AS29: #N/A | AT29: #N/A | AU29: #N/A | AV29: #N/A | AW29: 45807 | AX29: #N/A | AY29: #N/A | AZ29: #N/A | BA29: #N/A | BB29: #N/A | BC29: #N/A | BD29: #N/A | BE29: #N/A | BF29: #N/A | BG29: #N/A | BH29: #N/A | BI29: #N/A | BJ29: #N/A | BK29: 45964 | BM29: 45957 | BN29: 45957 | BO29: #N/A | BP29: #N/A | BQ29: #N/A | BR29: #N/A | BS29: #N/A | BT29: #N/A | BU29: #N/A | BV29: #N/A | BW29: #N/A | BX29: #N/A | BY29: #N/A | BZ29: #N/A | CB29: 45821 | CC29: 1 | CD29: 2025-03 | CF29: #N/A
A30: 29 | B30: 41U165 | C30: 9007138 | D30: 45809739H | E30: HELENA MARIA BAYON MATUTE | F30: 699720032 | G30: NO | H30: SYR_ABOGADOS_INGLES | I30: AGENT | J30: JURÍDICO | K30: INGLÉS | L30: 45684 | M30: MARIA EMILIA ALEMAN NOCEA | O30: 12_20 | P30: 13_20 | Q30: LIBRA | R30: LFS_12_20 | S30: 12_20 | T30: CB_LIBRA | U30: LIBRA | W30: hbayo007 | X30: hbayo007@ec.sitel.com | Y30: 3485977 | Z30: 3486462 | AB30: found.hmbayon | AC30: HMBAYON | AD30: 5889B | AE30: 5889HB | AF30: HMBAYON@525 | AH30: 45684 | AI30: 45684 | AJ30: 45684 | AK30: 45684 | AL30: #N/A | AM30: #N/A | AN30: #N/A | AO30: #N/A | AP30: #N/A | AQ30: #N/A | AR30: #N/A | AS30: #N/A | AT30: #N/A | AU30: #N/A | AV30: #N/A | AW30: 45755 | AX30: #N/A | AY30: #N/A | AZ30: #N/A | BA30: #N/A | BB30: #N/A | BC30: #N/A | BD30: #N/A | BE30: #N/A | BF30: #N/A | BG30: #N/A | BH30: #N/A | BI30: #N/A | BJ30: #N/A | BK30: 45964 | BM30: 45957 | BN30: 45957 | BO30: #N/A | BP30: #N/A | BQ30: #N/A | BR30: #N/A | BS30: #N/A | BT30: #N/A | BU30: #N/A | BV30: #N/A | BW30: #N/A | BX30: #N/A | BY30: #N/A | BZ30: #N/A | CB30: 45734 | CC30: 1 | CD30: 2024-23 | CF30: #N/A
A31: 30 | B31: 41U759 | C31: 9007859 | D31: 29496505V | E31: HALIMA IDRISSI ALCARAZ | F31: 631237990 | G31: NO | H31: SYR_ABOGADOS_INGLES | I31: AGENT | J31: JURÍDICO | K31: INGLES | L31: 45831 | M31: OSCAR EDUARDO CAÑIZALEZ PEREZ | O31: 12_18 | P31: 12_18 | Q31: 12_18 | R31: 12_18 | S31: 12_18 | T31: LIBRA | U31: LIBRA | W31: hidri014 | X31: hidri014@ec.foundever.com | Y31: 3487100 | Z31: 3486766 | AB31: found.hidrissi | AC31: HALIDRI | AD31: 26276 | AE31: 6276HI | AF31: 0 | AH31: 45831 | AI31: 45831 | AJ31: 45831 | AK31: 45831 | AL31: #N/A | AM31: #N/A | AN31: #N/A | AO31: #N/A | AP31: #N/A | AQ31: #N/A | AR31: #N/A | AS31: #N/A | AT31: #N/A | AU31: #N/A | AV31: #N/A | AW31: 45828 | AX31: #N/A | AY31: #N/A | AZ31: #N/A | BA31: #N/A | BB31: #N/A | BC31: #N/A | BD31: #N/A | BE31: #N/A | BF31: #N/A | BG31: #N/A | BH31: #N/A | BI31: #N/A | BJ31: #N/A | BK31: 46010 | BM31: #N/A | BN31: #N/A | BO31: #N/A | BP31: #N/A | BQ31: #N/A | BR31: #N/A | BS31: #N/A | BT31: #N/A | BU31: #N/A | BV31: #N/A | BW31: #N/A | BX31: #N/A | BY31: #N/A | BZ31: #N/A | CB31: 45828 | CC31: 1 | CD31: 2025-09 | CF31: #N/A
A32: 31 | B32: 41U171 | C32: 9007142 | D32: 45995153Y | E32: CARMEN OCAÑA TORO | F32: 675916869 | G32: NO | H32: SYR_ABOGADOS_INGLES | I32: AGENT | J32: JURÍDICO | K32: INGLÉS | L32: 45684 | M32: OSCAR EDUARDO CAÑIZALEZ PEREZ | O32: LIBRA | P32: 15_20 | Q32: DLF_15_20 | R32: LFS_15_20 | S32: 15_20 | T32: 15_20 | U32: LIBRA | W32: cocan007 | X32: cocan007@ec.sitel.com | Y32: 3485179 | Z32: 3486676 | AB32: found.cocana | AC32: COCANA | AD32: 5837O | AE32: 5837CO | AF32: COCANA@525 | AH32: 45684 | AI32: 45684 | AJ32: 45684 | AK32: 45684 | AL32: 45906 | AM32: #N/A | AN32: 06/09/2025@ | AO32: #N/A | AP32: #N/A | AQ32: #N/A | AR32: #N/A | AS32: #N/A | AT32: #N/A | AU32: #N/A | AV32: #N/A | AW32: 45757 | AX32: #N/A | AY32: #N/A | AZ32: #N/A | BA32: #N/A | BB32: #N/A | BC32: #N/A | BD32: #N/A | BE32: #N/A | BF32: #N/A | BG32: #N/A | BH32: #N/A | BI32: #N/A | BJ32: #N/A | BK32: 45967 | BM32: #N/A | BN32: #N/A | BO32: #N/A | BP32: #N/A | BQ32: #N/A | BR32: #N/A | BS32: #N/A | BT32: #N/A | BU32: #N/A | BV32: #N/A | BW32: #N/A | BX32: #N/A | BY32: #N/A | BZ32: #N/A | CB32: 45734 | CC32: 1 | CD32: 2024-23 | CF32: #N/A
A33: 32 | B33: 41U900 | C33: 9005200 | D33: 77845720N | E33: ESTEFANIA FLORES INFANTE | F33: 635854104 | G33: NO | H33: SYR_ABOGADOS_INGLES | I33: AGENT | J33: JURÍDICO | K33: INGLÉS | L33: 45873 | M33: OSCAR EDUARDO CAÑIZALEZ PEREZ | O33: 14_22 | P33: 14_22 | Q33: 14_21 | R33: 14_22 | S33: 14_22 | T33: LIBRA | U33: LIBRA | W33: eflor157 | X33: eflor157@ec.foundever.com | Y33: 3485812 | Z33: 3486836 | AB33: FOUND.EFLORES | AC33: EFLORESI | AD33: 5476f | AE33: 5476ef | AF33: EFLORES@525 | AH33: 45873 | AI33: 45873 | AJ33: 45873 | AK33: 45873 | AL33: #N/A | AM33: #N/A | AN33: #N/A | AO33: #N/A | AP33: #N/A | AQ33: #N/A | AR33: #N/A | AS33: #N/A | AT33: #N/A | AU33: #N/A | AV33: #N/A | AW33: 45873 | AX33: #N/A | AY33: #N/A | AZ33: #N/A | BA33: #N/A | BB33: #N/A | BC33: #N/A | BD33: #N/A | BE33: #N/A | BF33: #N/A | BG33: #N/A | BH33: #N/A | BI33: #N/A | BJ33: #N/A | BK33: 45960 | BM33: #N/A | BN33: #N/A | BO33: #N/A | BP33: #N/A | BQ33: #N/A | BR33: #N/A | BS33: #N/A | BT33: #N/A | BU33: #N/A | BV33: #N/A | BW33: #N/A | BX33: #N/A | BY33: #N/A | BZ33: #N/A | CB33: #N/A | CC33: 1 | CD33: 2025-14 | CF33: #N/A
A34: 33 | B34: 41T401 | C34: 1886395 | D34: 07053147J | E34: IRENE MARQUEZ GUISADO | F34: 676864826 | G34: NO | H34: SYR_ABOGADOS_INGLES | I34: AGENT | J34: JURÍDICO | K34: INGLÉS | L34: 45481 | M34: OSCAR EDUARDO CAÑIZALEZ PEREZ | O34: 08_14 | P34: 08_14 | Q34: 08_14 | R34: LFS_08_14 | S34: 08_14 | T34: LIBRA | U34: LIBRA | W34: imarq026 | X34: imarq026@ec.sitel.com | Y34: 3485894 | Z34: 3486613 | AB34: sitel.imarquez | AC34: IREMAGU | AD34: 5518 | AE34: 5518IM | AF34: IMARQUEZ@525 | AH34: 45497 | AI34: 45497 | AJ34: 45497 | AK34: 45497 | AL34: #N/A | AM34: #N/A | AN34: #N/A | AO34: #N/A | AP34: #N/A | AQ34: #N/A | AR34: #N/A | AS34: #N/A | AT34: #N/A | AU34: #N/A | AV34: #N/A | AW34: 45677 | AX34: #N/A | AY34: #N/A | AZ34: #N/A | BA34: #N/A | BB34: #N/A | BC34: #N/A | BD34: #N/A | BE34: #N/A | BF34: #N/A | BG34: #N/A | BH34: #N/A | BI34: #N/A | BJ34: #N/A | BK34: 45958 | BM34: #N/A | BN34: #N/A | BO34: #N/A | BP34: #N/A | BQ34: #N/A | BR34: #N/A | BS34: #N/A | BT34: #N/A | BU34: #N/A | BV34: #N/A | BW34: #N/A | BX34: #N/A | BY34: #N/A | BZ34: #N/A | CB34: #N/A | CC34: 1 | CD34: 2024-12 | CF34: #N/A
A35: 34 | B35: 41T840 | C35: 9006664 | D35: 05711046P | E35: REBECA DIAZ CASTRO | F35: 679916361 | G35: NO | H35: SYR_ABOGADOS_INGLES | I35: AGENT | J35: JURÍDICO | K35: INGLÉS | L35: 45582 | M35: LAURA HERRERA RODRIGUEZ | O35: 07_14 | P35: 07_14 | Q35: VAC_07_15 | R35: VAC_07_15 | S35: 07_15 | T35: LIBRA | U35: LIBRA | W35: rdiaz148 | X35: rdiaz148@ec.sitel.com | Y35: 3487011 | Z35: 3481522 | AB35: sitel.rdiaz | AC35: RDIAZC | AD35: 5775 | AE35: 5775RD | AF35: RDIAZ@525 | AH35: 45582 | AI35: 45582 | AJ35: 45582 | AK35: 45582 | AL35: #N/A | AM35: #N/A | AN35: #N/A | AO35: #N/A | AP35: #N/A | AQ35: #N/A | AR35: #N/A | AS35: #N/A | AT35: #N/A | AU35: #N/A | AV35: #N/A | AW35: 45750 | AX35: #N/A | AY35: #N/A | AZ35: #N/A | BA35: #N/A | BB35: #N/A | BC35: #N/A | BD35: #N/A | BE35: #N/A | BF35: #N/A | BG35: #N/A | BH35: #N/A | BI35: #N/A | BJ35: #N/A | BK35: 45960 | BM35: 45873 | BN35: 45873 | BO35: 46006 | BP35: 45930 | BQ35: #N/A | BR35: #N/A | BS35: #N/A | BT35: #N/A | BU35: #N/A | BV35: #N/A | BW35: #N/A | BX35: #N/A | BY35: #N/A | BZ35: #N/A | CB35: 45728 | CC35: 1 | CD35: 2024-21 | CF35: #N/A
A36: 35 | B36: 41S113 | C36: 1719492 | D36: 80240268F | E36: OLGA MARIA REDONDO RIVAS | F36: 627555942 | G36: NO | H36: SYR_ABOGADOS_INGLES_WH | I36: AGENT | J36: JURÍDICO | K36: INGLÉS | L36: 45481 | M36: MIGUEL CASTILLO LIMON | O36: 14_21 | P36: 14_21 | Q36: CB_LIBRA | R36: LFS_14_21 | S36: 14_21 | T36: 14_21 | U36: LIBRA | W36: oredo005 | X36: oredo005@ec.sitel.com | Y36: 3485938 | Z36: 3486649 | AB36: SITEL.OMREDONDO | AC36: OLMARERI | AD36: 5676 | AE36: 5676OR | AF36: 0 | AH36: 45195 | AI36: 45497 | AJ36: 45497 | AK36: 45497 | AL36: 45681 | AM36: #N/A | AN36: 21/03/2025@ | AO36: #N/A | AP36: #N/A | AQ36: #N/A | AR36: #N/A | AS36: #N/A | AT36: #N/A | AU36: #N/A | AV36: #N/A | AW36: 45582 | AX36: #N/A | AY36: #N/A | AZ36: #N/A | BA36: #N/A | BB36: #N/A | BC36: #N/A | BD36: #N/A | BE36: #N/A | BF36: #N/A | BG36: #N/A | BH36: #N/A | BI36: #N/A | BJ36: #N/A | BK36: #N/A | BM36: 45812 | BN36: 45812 | BO36: 46006 | BP36: #N/A | BQ36: #N/A | BR36: #N/A | BS36: 45812 | BT36: #N/A | BU36: #N/A | BV36: #N/A | BW36: #N/A | BX36: #N/A | BY36: #N/A | BZ36: #N/A | CB36: #N/A | CC36: 1 | CD36: 2024-12 | CF36: #N/A
A37: 36 | B37: 41T461 | C37: 1890116 | D37: 78104116A | E37: FERNANDO GARCIA SOTO | F37: 626202042 | G37: NO | H37: SYR_ABOGADOS_INGLES_WH | I37: AGENT | J37: JURÍDICO | K37: INGLÉS | L37: 45502 | M37: MIGUEL CASTILLO LIMON | O37: 15_22 | P37: @SSYRABING_15_22 | Q37: LIBRA | R37: @SSYRABING_LFS_15_22 | S37: @SSYRABING_15_22 | T37: @SSYRABING_15_22 | U37: LIBRA | W37: fgarc188 | X37: fgarc188@ec.sitel.com | Y37: 3487017 | Z37: 3481520 | AB37: SITEL.FGARCIAS | AC37: FERGARCSOT | AD37: 5971 | AE37: 5971FG | AF37: 0 | AH37: 45514 | AI37: 45514 | AJ37: 45514 | AK37: 45514 | AL37: #N/A | AM37: #N/A | AN37: #N/A | AO37: #N/A | AP37: #N/A | AQ37: #N/A | AR37: #N/A | AS37: #N/A | AT37: #N/A | AU37: 45923 | AV37: 45611 | AW37: 45582 | AX37: #N/A | AY37: #N/A | AZ37: #N/A | BA37: #N/A | BB37: #N/A | BC37: #N/A | BD37: #N/A | BE37: #N/A | BF37: #N/A | BG37: #N/A | BH37: #N/A | BI37: 45569 | BJ37: #N/A | BK37: #N/A | BM37: 45812 | BN37: 45812 | BO37: 45937 | BP37: #N/A | BQ37: #N/A | BR37: 45986 | BS37: 45812 | BT37: #N/A | BU37: #N/A | BV37: #N/A | BW37: #N/A | BX37: #N/A | BY37: #N/A | BZ37: #N/A | CB37: #N/A | CC37: 1 | CD37: 2024-14 | CF37: #N/A
A38: 37 | B38: 41T591 | C38: 9006306 | D38: 49341974M | E38: IRENE DOBLADO ANDRADES | F38: 679153184 | G38: NO | H38: SYR_ABOGADOS_INGLES_WH | I38: AGENT | J38: JURÍDICO | K38: INGLÉS | L38: 45532 | M38: MIGUEL CASTILLO LIMON | O38: LIBRA | P38: @SSYRABING_13_20 | Q38: 13_20 | R38: LFS_13_20 | S38: @SSYRABING_13_20 | T38: @SSYRABING_13_20 | U38: LIBRA | W38: idobl003 | X38: idobl003@ec.sitel.com | Y38: 3485718 | Z38: 3486246 | AB38: SITEL.idoblado | AC38: IDOBLADO | AD38: 26080 | AE38: 6080ID | AF38: 0 | AH38: 45547 | AI38: 45547 | AJ38: 45547 | AK38: 45547 | AL38: #N/A | AM38: #N/A | AN38: #N/A | AO38: #N/A | AP38: #N/A | AQ38: #N/A | AR38: #N/A | AS38: #N/A | AT38: #N/A | AU38: 45923 | AV38: 45623 | AW38: 45586 | AX38: #N/A | AY38: #N/A | AZ38: #N/A | BA38: #N/A | BB38: #N/A | BC38: #N/A | BD38: #N/A | BE38: #N/A | BF38: #N/A | BG38: #N/A | BH38: #N/A | BI38: #N/A | BJ38: #N/A | BK38: #N/A | BM38: 45812 | BN38: 45812 | BO38: #N/A | BP38: #N/A | BQ38: #N/A | BR38: #N/A | BS38: 45812 | BT38: #N/A | BU38: #N/A | BV38: #N/A | BW38: #N/A | BX38: 45944 | BY38: #N/A | BZ38: #N/A | CB38: #N/A | CC38: 1 | CD38: 2024-17 | CF38: #N/A
A39: 38 | B39: 41T258 | C39: 1879155 | D39: Z1610970D | E39: ADA ALICIA WELCHEZ ROBLES | F39: 613747157 | G39: NO | H39: SYR_ABOGADOS_INGLES_WH | I39: AGENT | J39: JURÍDICO | K39: INGLÉS | L39: 45446 | M39: NIKOLAY NAZAROV | O39: 08_15 | P39: 08_15 | Q39: 08_15 | R39: 08_15 | S39: 08_15 | T39: LIBRA | U39: LIBRA | W39: awelc038 | X39: awelc038@ec.sitel.com | Y39: 3485953 | Z39: 3486653 | AB39: SITEL.AAWELCHEZ | AC39: AWELCHEZ | AD39: 5928 | AE39: 5928AW | AF39: AAWELCHEZ@525 | AH39: 45460 | AI39: 45460 | AJ39: 45460 | AK39: 45460 | AL39: 45681 | AM39: #N/A | AN39: #N/A | AO39: #N/A | AP39: #N/A | AQ39: #N/A | AR39: #N/A | AS39: #N/A | AT39: #N/A | AU39: #N/A | AV39: #N/A | AW39: 45614 | AX39: #N/A | AY39: #N/A | AZ39: #N/A | BA39: #N/A | BB39: #N/A | BC39: #N/A | BD39: #N/A | BE39: #N/A | BF39: #N/A | BG39: #N/A | BH39: #N/A | BI39: #N/A | BJ39: #N/A | BK39: 45968 | BM39: 45812 | BN39: 45812 | BO39: #N/A | BP39: 45930 | BQ39: #N/A | BR39: #N/A | BS39: 45812 | BT39: #N/A | BU39: #N/A | BV39: #N/A | BW39: #N/A | BX39: #N/A | BY39: #N/A | BZ39: #N/A | CB39: 45726 | CC39: 1 | CD39: 2024-08 | CF39: #N/A
A40: 39 | B40: 41T328 | C40: 1883633 | D40: 20604386C | E40: MARINA CHACON ESPAÑA | F40: 687237556 | G40: NO | H40: SYR_ABOGADOS_INGLES_WH | I40: AGENT | J40: JURÍDICO | K40: INGLÉS | L40: 45464 | M40: PATRICIA MARTINEZ ALONSO | O40: 15_22 | P40: 15_22 | Q40: 15_22 | R40: LFS_15_22 | S40: 15_22 | T40: LIBRA | U40: LIBRA | W40: mchac039 | X40: mchac039@ec.sitel.com | Y40: 3485969 | Z40: 3486669 | AB40: SITEL.MCHACON | AC40: MARINCH | AD40: 5690 | AE40: 5690MC | AF40: 0 | AH40: 45481 | AI40: 45481 | AJ40: 45481 | AK40: 45481 | AL40: #N/A | AM40: #N/A | AN40: #N/A | AO40: #N/A | AP40: #N/A | AQ40: #N/A | AR40: #N/A | AS40: #N/A | AT40: #N/A | AU40: #N/A | AV40: #N/A | AW40: 45677 | AX40: #N/A | AY40: #N/A | AZ40: #N/A | BA40: #N/A | BB40: #N/A | BC40: #N/A | BD40: #N/A | BE40: #N/A | BF40: #N/A | BG40: #N/A | BH40: #N/A | BI40: #N/A | BJ40: #N/A | BK40: #N/A | BM40: 45862 | BN40: 45862 | BO40: #N/A | BP40: #N/A | BQ40: #N/A | BR40: #N/A | BS40: 45862 | BT40: #N/A | BU40: #N/A | BV40: #N/A | BW40: #N/A | BX40: #N/A | BY40: #N/A | BZ40: #N/A | CB40: #N/A | CC40: 1 | CD40: 2024-10 | CF40: #N/A
A41: 40 | B41: 41T397 | C41: 1888638 | D41: X7771915P | E41: GEORGETA GHEORGHE | F41: 647453305 | G41: NO | H41: SYR_ABOGADOS_INGLES_WH | I41: AGENT | J41: JURÍDICO | K41: INGLÉS | L41: 45481 | M41: PATRICIA MARTINEZ ALONSO | O41: 14_22 | P41: 14_22 | Q41: 14_21 | R41: 14_22 | S41: 14_22 | T41: LIBRA | U41: LIBRA | W41: ggheo003 | X41: ggheo003@ec.sitel.com | Y41: 3485901 | Z41: 3486642 | AB41: SITEL.GGHEORGHE | AC41: GEOGHEO | AD41: 5582 | AE41: 5582GG | AF41: 0 | AH41: 45497 | AI41: 45497 | AJ41: 45497 | AK41: 45497 | AL41: #N/A | AM41: #N/A | AN41: #N/A | AO41: #N/A | AP41: #N/A | AQ41: #N/A | AR41: #N/A | AS41: #N/A | AT41: #N/A | AU41: 45922 | AV41: 45734 | AW41: 45698 | AX41: #N/A | AY41: #N/A | AZ41: #N/A | BA41: #N/A | BB41: #N/A | BC41: #N/A | BD41: #N/A | BE41: #N/A | BF41: #N/A | BG41: #N/A | BH41: #N/A | BI41: #N/A | BJ41: #N/A | BK41: 46010 | BM41: 45862 | BN41: 45862 | BO41: #N/A | BP41: #N/A | BQ41: #N/A | BR41: #N/A | BS41: #N/A | BT41: #N/A | BU41: #N/A | BV41: #N/A | BW41: #N/A | BX41: #N/A | BY41: #N/A | BZ41: #N/A | CB41: #N/A | CC41: 1 | CD41: 2024-12 | CF41: #N/A
A42: 41 | B42: 41T547 | C42: 1893320 | D42: 48882766S | E42: OLGA MARIA MORATO LOBATO | F42: 622642865 | G42: NO | H42: SYR_ABOGADOS_INGLES_WH | I42: AGENT | J42: JURÍDICO | K42: INGLÉS | L42: 45516 | M42: LAURA HERRERA RODRIGUEZ | O42: 14_22 | P42: 14_22 | Q42: 09_16 | R42: LFS_15_22 | S42: VAC_15_22 | T42: VAC_LIBRA | U42: VAC_LIBRA | W42: omora047 | X42: omora047@ec.sitel.com | Y42: 3487052 | Z42: 3481556 | AB42: SITEL.OMMORATO | AC42: OLOBATO | AD42: 5253 | AE42: 5253OM | AF42: OMMORATO@525 | AH42: 45531 | AI42: 45531 | AJ42: 45531 | AK42: 45531 | AL42: 45600 | AM42: 45600 | AN42: 04/11/2024@ | AO42: #N/A | AP42: #N/A | AQ42: #N/A | AR42: #N/A | AS42: #N/A | AT42: #N/A | AU42: #N/A | AV42: #N/A | AW42: 45737 | AX42: #N/A | AY42: #N/A | AZ42: #N/A | BA42: #N/A | BB42: #N/A | BC42: #N/A | BD42: #N/A | BE42: #N/A | BF42: #N/A | BG42: #N/A | BH42: #N/A | BI42: #N/A | BJ42: #N/A | BK42: 45978 | BM42: 45873 | BN42: 45873 | BO42: 45915 | BP42: #N/A | BQ42: 45929 | BR42: #N/A | BS42: #N/A | BT42: #N/A | BU42: #N/A | BV42: #N/A | BW42: #N/A | BX42: #N/A | BY42: #N/A | BZ42: #N/A | CB42: #N/A | CC42: 1 | CD42: 2024-16 | CF42: #N/A
A43: 42 | B43: 41Q674 | C43: 1579327 | D43: 02777901F | E43: ANGELICA VALVERDE PALOMINO | F43: 667 351 853 | G43: NO | H43: SYR_ABOGADOS_INGLES_WH | I43: AGENT | J43: JURÍDICO | K43: INGLÉS | L43: 44959 | M43: LAURA HERRERA RODRIGUEZ | O43: 08_13 | P43: 08_13 | Q43: 08_13 | R43: LFS_08_13 | S43: 08_13 | T43: LIBRA | U43: LIBRA | W43: avalv008 | X43: avalv008@ec.sitel.com | Y43: 3485712 | Z43: 3481404 | AB43: sitel.avalverde | AC43: AVALVERDEP | AD43: 4101 | AE43: 4101AV | AF43: 0 | AH43: 44775 | AI43: 44775 | AJ43: 44775 | AK43: 45057 | AL43: 45245 | AM43: #N/A | AN43: #N/A | AO43: #N/A | AP43: #N/A | AQ43: 45820 | AR43: #N/A | AS43: #N/A | AT43: #N/A | AU43: #N/A | AV43: #N/A | AW43: 45495 | AX43: #N/A | AY43: #N/A | AZ43: #N/A | BA43: #N/A | BB43: #N/A | BC43: #N/A | BD43: #N/A | BE43: #N/A | BF43: #N/A | BG43: #N/A | BH43: #N/A | BI43: #N/A | BJ43: #N/A | BK43: #N/A | BM43: 45875 | BN43: 45875 | BO43: #N/A | BP43: #N/A | BQ43: #N/A | BR43: #N/A | BS43: #N/A | BT43: #N/A | BU43: #N/A | BV43: #N/A | BW43: #N/A | BX43: #N/A | BY43: #N/A | BZ43: #N/A | CB43: #N/A | CC43: 1 | CD43: 2022-14 | CF43: #N/A
A44: 43 | B44: 41S198 | C44: 1774460 | D44: 48994540D | E44: ANGEL ASENCIO MARTAGON | F44: 609534912 | G44: NO | H44: SYR_ABOGADOS_INGLES_WH | I44: AGENT | J44: JURÍDICO | K44: INGLÉS | L44: 45210 | M44: LAURA HERRERA RODRIGUEZ | O44: 12_18 | P44: 12_18 | Q44: 12_18 | R44: LFS_12_18 | S44: 12_18 | T44: LIBRA | U44: LIBRA | W44: aasen010 | X44: aasen010@ec.sitel.com | Y44: 3485847 | Z44: 3486106 | AB44: SITEL.AASENCIO | AC44: ANGASEN | AD44: 5749 | AE44: 5749AA | AF44: 0 | AH44: 45210 | AI44: 45351 | AJ44: 45210 | AK44: 45351 | AL44: #N/A | AM44: #N/A | AN44: #N/A | AO44: #N/A | AP44: #N/A | AQ44: #N/A | AR44: #N/A | AS44: #N/A | AT44: #N/A | AU44: #N/A | AV44: 36526 | AW44: 45861 | AX44: #N/A | AY44: #N/A | AZ44: #N/A | BA44: #N/A | BB44: #N/A | BC44: #N/A | BD44: #N/A | BE44: #N/A | BF44: 45275 | BG44: #N/A | BH44: #N/A | BI44: #N/A | BJ44: #N/A | BK44: 46010 | BM44: 45873 | BN44: 45873 | BO44: 45937 | BP44: #N/A | BQ44: #N/A | BR44: #N/A | BS44: 45979 | BT44: 45979 | BU44: #N/A | BV44: #N/A | BW44: #N/A | BX44: 45979 | BY44: #N/A | BZ44: #N/A | CB44: #N/A | CC44: 1 | CD44: 2023-20 | CF44: #N/A
A45: 44 | B45: 41T609 | C45: 9006320 | D45: Z0098806A | E45: LUISA MARIA TAMAYAC CASTAÑEDA | F45: 613183602 | G45: NO | H45: SYR_ABOGADOS_INGLES_WH | I45: AGENT | J45: JURÍDICO | K45: INGLÉS | L45: 45532 | M45: LAURA HERRERA RODRIGUEZ | O45: VAC_13_20 | P45: VAC_13_20 | Q45: VAC_13_20 | R45: VAC_13_20 | S45: VAC_13_20 | T45: VAC_LIBRA | U45: VAC_LIBRA | W45: ltama022 | X45: ltama022@ec.sitel.com | Y45: 3485863 | Z45: 3481501 | AB45: SITEL.ltamayac | AC45: LTAMAYAC | AD45: 26084 | AE45: 6084LT | AF45: LTAMAYAC@525 | AH45: 45547 | AI45: 45547 | AJ45: 45547 | AK45: 45547 | AL45: #N/A | AM45: #N/A | AN45: #N/A | AO45: #N/A | AP45: #N/A | AQ45: #N/A | AR45: #N/A | AS45: #N/A | AT45: #N/A | AU45: 45923 | AV45: 45623 | AW45: 45583 | AX45: #N/A | AY45: #N/A | AZ45: #N/A | BA45: #N/A | BB45: #N/A | BC45: #N/A | BD45: #N/A | BE45: #N/A | BF45: #N/A | BG45: #N/A | BH45: #N/A | BI45: #N/A | BJ45: #N/A | BK45: 45981 | BM45: 45931 | BN45: 45931 | BO45: 45938 | BP45: #N/A | BQ45: #N/A | BR45: #N/A | BS45: #N/A | BT45: #N/A | BU45: #N/A | BV45: #N/A | BW45: #N/A | BX45: #N/A | BY45: #N/A | BZ45: #N/A | CB45: #N/A | CC45: 1 | CD45: 2024-17 | CF45: #N/A
A46: 45 | B46: 41T589 | C46: 9006304 | D46: 47343627J | E46: FRANCISCO JAVIER CARRERA BERNAL | F46: 678283642 | G46: NO | H46: SYR_ABOGADOS_INGLES_WH | I46: AGENT | J46: JURÍDICO | K46: INGLÉS | L46: 45532 | M46: OSCAR EDUARDO CAÑIZALEZ PEREZ | O46: 15_22 | P46: 15_22 | Q46: 15_22 | R46: LFS_15_22 | S46: 15_22 | T46: LIBRA | U46: LIBRA | W46: fcarr060 | X46: fcarr060@ec.sitel.com | Y46: 3485966 | Z46: 3481102 | AB46: SITEL.fcarrera | AC46: FJCARRERA | AD46: 26076 | AE46: 6076FC | AF46: 0 | AH46: 45547 | AI46: 45547 | AJ46: 45547 | AK46: 45547 | AL46: #N/A | AM46: #N/A | AN46: #N/A | AO46: #N/A | AP46: #N/A | AQ46: #N/A | AR46: #N/A | AS46: #N/A | AT46: #N/A | AU46: 45922 | AV46: 45734 | AW46: 45583 | AX46: #N/A | AY46: #N/A | AZ46: #N/A | BA46: #N/A | BB46: #N/A | BC46: #N/A | BD46: #N/A | BE46: #N/A | BF46: #N/A | BG46: #N/A | BH46: #N/A | BI46: #N/A | BJ46: #N/A | BK46: #N/A | BM46: #N/A | BN46: #N/A | BO46: #N/A | BP46: #N/A | BQ46: #N/A | BR46: #N/A | BS46: #N/A | BT46: #N/A | BU46: #N/A | BV46: #N/A | BW46: #N/A | BX46: #N/A | BY46: #N/A | BZ46: #N/A | CB46: #N/A | CC46: 1 | CD46: 2024-17 | CF46: #N/A
A47: 46 | B47: 41T839 | C47: 9006665 | D47: 32067641Y | E47: JOSE ANTONIO BAUTISTA ALGABA | F47: 633192449 | G47: NO | H47: SYR_ABOGADOS_INGLES_WH | I47: AGENT | J47: JURÍDICO | K47: INGLÉS | L47: 45582 | M47: OSCAR EDUARDO CAÑIZALEZ PEREZ | O47: 15_22 | P47: 15_22 | Q47: 15_22 | R47: LFS_15_22 | S47: 15_22 | T47: LIBRA | U47: LIBRA | W47: jbaut251 | X47: jbaut251@ec.sitel.com | Y47: 3485653 | Z47: 3486687 | AB47: sitel.jabautista | AC47: JBAUTISTA | AD47: 5874 | AE47: 5874JB | AF47: JABAUTISTA@525 | AH47: 45582 | AI47: 45582 | AJ47: 45582 | AK47: 45582 | AL47: 45906 | AM47: #N/A | AN47: 06/09/2025@ | AO47: #N/A | AP47: 45843 | AQ47: 45820 | AR47: #N/A | AS47: #N/A | AT47: #N/A | AU47: #N/A | AV47: #N/A | AW47: 45757 | AX47: #N/A | AY47: #N/A | AZ47: #N/A | BA47: #N/A | BB47: #N/A | BC47: #N/A | BD47: #N/A | BE47: #N/A | BF47: #N/A | BG47: #N/A | BH47: #N/A | BI47: #N/A | BJ47: #N/A | BK47: 46002 | BM47: #N/A | BN47: #N/A | BO47: #N/A | BP47: #N/A | BQ47: #N/A | BR47: #N/A | BS47: #N/A | BT47: #N/A | BU47: #N/A | BV47: #N/A | BW47: #N/A | BX47: #N/A | BY47: #N/A | BZ47: #N/A | CB47: #N/A | CC47: 1 | CD47: 2024-21 | CF47: #N/A
A48: 47 | B48: 41T426 | C48: 1888371 | D48: 54606642L | E48: ANA MARIA ARBONA HADDAD | F48: 604153167 | G48: NO | H48: SYR_ABOGADOS_INGLES_WH | I48: AGENT | J48: JURÍDICO | K48: ESPAÑOL | L48: 45490 | M48: MARIA EMILIA ALEMAN NOCEA | O48: VAC_15_21 | P48: VAC_15_21 | Q48: VAC_15_21 | R48: VAC_15_21 | S48: VAC_15_21 | T48: VAC_LIBRA | U48: VAC_LIBRA | W48: aarbo031 | X48: aarbo031@ec.sitel.com | Y48: 3485922 | Z48: 3486356 | AB48: SITEL.aarbona | AC48: AMARHA | AD48: 5558 | AE48: 5558AA | AF48: AARBONA@525 | AH48: 45514 | AI48: 45506 | AJ48: 45506 | AK48: 45506 | AL48: #N/A | AM48: #N/A | AN48: #N/A | AO48: #N/A | AP48: #N/A | AQ48: #N/A | AR48: #N/A | AS48: #N/A | AT48: #N/A | AU48: #N/A | AV48: #N/A | AW48: 45700 | AX48: #N/A | AY48: #N/A | AZ48: #N/A | BA48: #N/A | BB48: #N/A | BC48: #N/A | BD48: #N/A | BE48: #N/A | BF48: #N/A | BG48: #N/A | BH48: #N/A | BI48: #N/A | BJ48: #N/A | BK48: 45964 | BM48: 45957 | BN48: 45957 | BO48: #N/A | BP48: #N/A | BQ48: #N/A | BR48: #N/A | BS48: #N/A | BT48: #N/A | BU48: #N/A | BV48: #N/A | BW48: #N/A | BX48: #N/A | BY48: #N/A | BZ48: #N/A | CB48: 45729 | CC48: 1 | CD48: 2024-13 | CF48: #N/A
A49: 48 | B49: 41S235 | C49: 1776326 | D49: 28815774V | E49: IRENE ORTEGA PEREZ | F49: 652316704 | G49: NO | H49: SYR_ABOGADOS_INGLES_WH | I49: AGENT | J49: JURÍDICO | K49: INGLÉS | L49: 45217 | M49: RODRIGO FERRER SANTA CRUZ | O49: 08_15 | P49: 08_15 | Q49: 08_16 | R49: LFS_08_16 | S49: 08_15 | T49: LIBRA | U49: LIBRA | W49: iorte011 | X49: iorte011@ec.sitel.com | Y49: 3485578 | Z49: 3481179 | AB49: SITEL.iortega | AC49: IORTEGA | AD49: 4451 | AE49: 4451IO | AF49: IORTEG@525 | AH49: 45217 | AI49: 45260 | AJ49: 45217 | AK49: 45260 | AL49: #N/A | AM49: #N/A | AN49: #N/A | AO49: #N/A | AP49: #N/A | AQ49: #N/A | AR49: #N/A | AS49: #N/A | AT49: #N/A | AU49: #N/A | AV49: #N/A | AW49: 45754 | AX49: #N/A | AY49: #N/A | AZ49: #N/A | BA49: #N/A | BB49: #N/A | BC49: #N/A | BD49: #N/A | BE49: #N/A | BF49: #N/A | BG49: #N/A | BH49: #N/A | BI49: #N/A | BJ49: #N/A | BK49: 45971 | BM49: 45931 | BN49: 45931 | BO49: 45938 | BP49: #N/A | BQ49: #N/A | BR49: #N/A | BS49: #N/A | BT49: #N/A | BU49: #N/A | BV49: #N/A | BW49: #N/A | BX49: #N/A | BY49: #N/A | BZ49: #N/A | CB49: #N/A | CC49: 1 | CD49: 2023-21 | CF49: #N/A
A50: 49 | B50: 41U170 | C50: 9007141 | D50: 45347992L | E50: AINHOA NAVARRO FARIAS | F50: 671424997 | G50: NO | H50: SYR_ABOGADOS_INGLES_WH | I50: AGENT | J50: JURÍDICO | K50: INGLÉS | L50: 45684 | M50: LAURA HERRERA RODRIGUEZ | O50: 15_2130 | P50: 15_2130 | Q50: 10_1630 | R50: LFS_15_2130 | S50: 15_2130 | T50: LIBRA | U50: LIBRA | W50: anava227 | X50: anava227@ec.sitel.com | Y50: 3486007 | Z50: 3486636 | AB50: found.acnavarro | AC50: ACNAVARRO | AD50: 5861N | AE50: 5861AN | AF50: ACNAVARRO@525 | AH50: 45684 | AI50: 45684 | AJ50: 45684 | AK50: 45684 | AL50: #N/A | AM50: #N/A | AN50: #N/A | AO50: #N/A | AP50: #N/A | AQ50: #N/A | AR50: #N/A | AS50: #N/A | AT50: #N/A | AU50: #N/A | AV50: #N/A | AW50: 45747 | AX50: #N/A | AY50: #N/A | AZ50: #N/A | BA50: #N/A | BB50: #N/A | BC50: #N/A | BD50: #N/A | BE50: #N/A | BF50: #N/A | BG50: #N/A | BH50: #N/A | BI50: #N/A | BJ50: #N/A | BK50: 45964 | BM50: 45873 | BN50: 45873 | BO50: #N/A | BP50: #N/A | BQ50: 45929 | BR50: #N/A | BS50: #N/A | BT50: #N/A | BU50: #N/A | BV50: #N/A | BW50: #N/A | BX50: #N/A | BY50: #N/A | BZ50: #N/A | CB50: #N/A | CC50: 1 | CD50: 2024-23 | CF50: #N/A
A51: 50 | B51: 41T550 | C51: 1893322 | D51: 04634387W | E51: VICTORIA MARIA OLIVARES SAEZ | F51: 607285607 | G51: NO | H51: SYR_ABOGADOS_INGLES_WH | I51: AGENT | J51: JURÍDICO | K51: INGLÉS | L51: 45705 | M51: FABIO GREGORI | O51: 15_20 | P51: 15_20 | Q51: 15_20 | R51: LFS_15_20 | S51: 15_20 | T51: LIBRA | U51: LIBRA | W51: voliv051 | X51: voliv051@ec.sitel.com | Y51: 3487059 | Z51: 3481563 | AB51: SITEL.volivares | AC51: VOLIVARES | AD51: 5007 | AE51: 5007VO | AF51: VOLIVARES@525 | AH51: 45531 | AI51: 45531 | AJ51: 45531 | AK51: 45531 | AL51: 45600 | AM51: 45600 | AN51: 04/11/2024@ | AO51: #N/A | AP51: 04/11/2024@ | AQ51: #N/A | AR51: #N/A | AS51: #N/A | AT51: #N/A | AU51: #N/A | AV51: #N/A | AW51: 45737 | AX51: #N/A | AY51: #N/A | AZ51: #N/A | BA51: #N/A | BB51: #N/A | BC51: #N/A | BD51: #N/A | BE51: #N/A | BF51: #N/A | BG51: #N/A | BH51: #N/A | BI51: #N/A | BJ51: #N/A | BK51: 45967 | BM51: 45862 | BN51: 45862 | BO51: #N/A | BP51: #N/A | BQ51: #N/A | BR51: #N/A | BS51: 45862 | BT51: #N/A | BU51: #N/A | BV51: #N/A | BW51: #N/A | BX51: #N/A | BY51: #N/A | BZ51: #N/A | CB51: 45729 | CC51: 1 | CD51: 2024-16 | CF51: #N/A
A52: 51 | B52: 41U166 | C52: 9007139 | D52: 29623509S | E52: ISABEL CASTAÑO DELGADO | F52: 656312394 | G52: NO | H52: SYR_ABOGADOS_INGLES_WH | I52: AGENT | J52: JURÍDICO | K52: INGLÉS | L52: 45684 | M52: LAURA HERRERA RODRIGUEZ | O52: 12_17 | P52: @SSYRABING_12_17 | Q52: @SSYRABING_12_17 | R52: @SSYRABING_LFS_12_17 | S52: @SSYRABING_12_17 | T52: LIBRA | U52: LIBRA | W52: icast109 | X52: icast109@ec.sitel.com | Y52: 3485532 | Z52: 3481570 | AB52: found.icastano | AC52: ICASTANO | AD52: 5868C | AE52: 5868IC | AF52: 0 | AH52: 45684 | AI52: 45684 | AJ52: 45684 | AK52: 45684 | AL52: #N/A | AM52: #N/A | AN52: #N/A | AO52: #N/A | AP52: #N/A | AQ52: #N/A | AR52: #N/A | AS52: #N/A | AT52: #N/A | AU52: #N/A | AV52: #N/A | AW52: 45755 | AX52: #N/A | AY52: #N/A | AZ52: #N/A | BA52: #N/A | BB52: #N/A | BC52: #N/A | BD52: #N/A | BE52: #N/A | BF52: #N/A | BG52: #N/A | BH52: #N/A | BI52: #N/A | BJ52: #N/A | BK52: #N/A | BM52: 45873 | BN52: 45873 | BO52: 45915 | BP52: #N/A | BQ52: 45929 | BR52: #N/A | BS52: #N/A | BT52: #N/A | BU52: #N/A | BV52: #N/A | BW52: #N/A | BX52: #N/A | BY52: #N/A | BZ52: #N/A | CB52: #N/A | CC52: 1 | CD52: 2024-23 | CF52: #N/A
A53: 52 | B53: 41T181 | C53: 1876470 | D53: 29574595E | E53: MARIA FERNANDEZ CAMACHO | F53: 671739396 | G53: NO | H53: SYR_ABOGADOS_INGLES_WH | I53: AGENT | J53: JURÍDICO | K53: INGLÉS | L53: 45432 | M53: PATRICIA MARTINEZ ALONSO | O53: VAC_09_15 | P53: VAC_09_15 | Q53: VAC_09_15 | R53: VAC_09_15 | S53: VAC_09_15 | T53: VAC_LIBRA | U53: VAC_LIBRA | W53: mfern581 | X53: mfern581@ec.sitel.com | Y53: 3485861 | Z53: 3486592 | AB53: SITEL.mfernande3 | AC53: MARIAFERN | AD53: 5864 | AE53: 5864MF | AF53: MFERNANDE3@525 | AH53: 45448 | AI53: 45448 | AJ53: 45448 | AK53: 45448 | AL53: #N/A | AM53: #N/A | AN53: #N/A | AO53: #N/A | AP53: #N/A | AQ53: #N/A | AR53: #N/A | AS53: #N/A | AT53: #N/A | AU53: 45912 | AV53: 45611 | AW53: 45582 | AX53: #N/A | AY53: #N/A | AZ53: #N/A | BA53: #N/A | BB53: #N/A | BC53: #N/A | BD53: #N/A | BE53: #N/A | BF53: #N/A | BG53: #N/A | BH53: #N/A | BI53: #N/A | BJ53: #N/A | BK53: 24/10/205 | BM53: 45812 | BN53: 45812 | BO53: #N/A | BP53: 45930 | BQ53: #N/A | BR53: #N/A | BS53: 45812 | BT53: #N/A | BU53: #N/A | BV53: #N/A | BW53: #N/A | BX53: #N/A | BY53: #N/A | BZ53: #N/A | CB53: #N/A | CC53: 1 | CD53: 2024-04 | CF53: #N/A
A54: 53 | B54: 41I120 | C54: 9002337 | D54: 44954311Y | E54: ANGELES MARIA CARMONA MARQUEZ | F54: 633697522 | G54: SI | H54: SYR_ALEMAN | I54: AGENT | J54: ESTÁNDAR | K54: ALEMÁN | L54: 44510 | M54: GEMA REAL CAMPOS | O54: ILT_09_1530 | P54: ILT_09_1530 | Q54: ILT_09_1530 | R54: LFS_09_1530 | S54: ILT_09_1530 | T54: LIBRA | U54: LIBRA | W54: acarm020 | X54: acarm020@ec.sitel.com | Y54: 3485463 | Z54: 3481115 | AB54: found.acarmona | AC54: acarmona | AD54: 5804 | AE54: 5804AC | AF54: 0 | AH54: 36892 | AI54: 45810 | AJ54: 45810 | AK54: 45810 | AL54: #N/A | AM54: #N/A | AN54: #N/A | AO54: #N/A | AP54: #N/A | AQ54: #N/A | AR54: #N/A | AS54: #N/A | AT54: #N/A | AU54: #N/A | AV54: #N/A | AW54: 45807 | AX54: #N/A | AY54: #N/A | AZ54: #N/A | BA54: #N/A | BB54: #N/A | BC54: #N/A | BD54: #N/A | BE54: #N/A | BF54: #N/A | BG54: #N/A | BH54: #N/A | BI54: #N/A | BJ54: #N/A | BK54: #N/A | BM54: #N/A | BN54: #N/A | BO54: #N/A | BP54: #N/A | BQ54: #N/A | BR54: #N/A | BS54: #N/A | BT54: #N/A | BU54: #N/A | BV54: #N/A | BW54: #N/A | BX54: #N/A | BY54: #N/A | BZ54: #N/A | CB54: #N/A | CC54: 1 | CD54: 2021-00 | CF54: #N/A
A55: 54 | B55: 08I575 | C55: 1608171 | D55: C4WJ56MHC | E55: KATARI ALEXANDER AGUIRRE SCHULZ | F55: 611172994 | G55: NO | H55: SYR_ALEMAN | I55: AGENT | J55: ESTÁNDAR | K55: ALEMÁN | L55: 44886 | M55: BEATRIZ MORALES TEJADA | O55: 09_17 | P55: 09_17 | Q55: 09_16 | R55: LFS_09_17 | S55: 09_17 | T55: LIBRA | U55: LIBRA | W55: kagui064 | X55: kagui064@ec.FOUNDEVER.com | Y55: 3487104 | Z55: 3486835 | AB55: FOUND.kaguirre | AC55: KATALAGUI | AD55: 5090A | AE55: 5090KA | AF55: 0 | AH55: 45901 | AI55: 45901 | AJ55: 45901 | AK55: 45901 | AL55: #N/A | AM55: #N/A | AN55: #N/A | AO55: #N/A | AP55: #N/A | AQ55: #N/A | AR55: #N/A | AS55: #N/A | AT55: #N/A | AU55: #N/A | AV55: #N/A | AW55: 45901 | AX55: #N/A | AY55: #N/A | AZ55: #N/A | BA55: #N/A | BB55: #N/A | BC55: #N/A | BD55: #N/A | BE55: #N/A | BF55: #N/A | BG55: #N/A | BH55: #N/A | BI55: #N/A | BJ55: #N/A | BK55: #N/A | BM55: #N/A | BN55: #N/A | BO55: #N/A | BP55: #N/A | BQ55: #N/A | BR55: #N/A | BS55: #N/A | BT55: #N/A | BU55: #N/A | BV55: #N/A | BW55: #N/A | BX55: #N/A | BY55: #N/A | BZ55: #N/A | CB55: 45870 | CC55: 1 | CD55: 2025-18 | CF55: #N/A
A56: 55 | B56: 41W072 | C56: 9008261 | D56: Z3554286D | E56: FELIX MIKE LEHMANN | F56: 955725332 | G56: NO | H56: SYR_ALEMAN | I56: AGENT | J56: ESTÁNDAR | K56: ALEMÁN | L56: 45922 | M56: CARMEN CORRALES PINEDA | O56: 12_20 | P56: 13_20 | Q56: 12_20 | R56: LFS_12_20 | S56: 13_20 | T56: LIBRA | U56: LIBRA | W56: flehm005 | X56: flehm005@ec.foundever.com | Y56: 3485379 | Z56: 3481468 | AB56: found.fmlehmann | AC56: FLEHMANN | AD56: 5432L | AE56: 5432FL | AF56: FMLEHMANN@525 | AH56: 45922 | AI56: 45922 | AJ56: 45922 | AK56: 45922 | AL56: #N/A | AM56: #N/A | AN56: #N/A | AO56: #N/A | AP56: #N/A | AQ56: #N/A | AR56: #N/A | AS56: #N/A | AT56: #N/A | AU56: #N/A | AV56: #N/A | AW56: 45919 | AX56: #N/A | AY56: #N/A | AZ56: #N/A | BA56: #N/A | BB56: #N/A | BC56: #N/A | BD56: #N/A | BE56: #N/A | BF56: #N/A | BG56: #N/A | BH56: #N/A | BI56: #N/A | BJ56: #N/A | BK56: 45978 | BM56: #N/A | BN56: #N/A | BO56: #N/A | BP56: #N/A | BQ56: #N/A | BR56: #N/A | BS56: #N/A | BT56: #N/A | BU56: #N/A | BV56: #N/A | BW56: #N/A | BX56: #N/A | BY56: #N/A | BZ56: #N/A | CB56: #N/A | CC56: 1 | CD56: 2025-19 | CF56: #N/A
A57: 56 | B57: 41W067 | C57: 9008262 | D57: 29580648A | E57: LORENA CARABALLO DUEÑAS | F57: 645788252 | G57: NO | H57: SYR_ALEMAN | I57: AGENT | J57: ESTÁNDAR | K57: ALEMÁN | L57: 45922 | M57: CARMEN CORRALES PINEDA | O57: 13_20 | P57: LIBRA | Q57: 13_20 | R57: 12_20 | S57: LIBRA | T57: 12_20 | U57: 12_20 | W57: lcara036 | X57: lcara036@ec.foundever.com | Y57: 3485432 | Z57: 3481507 | AB57: found.lcaraballo | AC57: LCARABALLO | AD57: 5520C | AE57: 5520LC | AF57: LCARABALLO@525 | AH57: 45922 | AI57: 45922 | AJ57: 45922 | AK57: 45922 | AL57: #N/A | AM57: #N/A | AN57: #N/A | AO57: #N/A | AP57: #N/A | AQ57: #N/A | AR57: #N/A | AS57: #N/A | AT57: #N/A | AU57: #N/A | AV57: #N/A | AW57: 45919 | AX57: #N/A | AY57: #N/A | AZ57: #N/A | BA57: #N/A | BB57: #N/A | BC57: #N/A | BD57: #N/A | BE57: #N/A | BF57: #N/A | BG57: #N/A | BH57: #N/A | BI57: #N/A | BJ57: #N/A | BK57: 46001 | BM57: #N/A | BN57: #N/A | BO57: #N/A | BP57: #N/A | BQ57: #N/A | BR57: #N/A | BS57: #N/A | BT57: #N/A | BU57: #N/A | BV57: #N/A | BW57: #N/A | BX57: #N/A | BY57: #N/A | BZ57: #N/A | CB57: #N/A | CC57: 1 | CD57: #N/A | CF57: #N/A
A58: 57 | B58: 41K416 | C58: 9002815 | D58: 77591511E | E58: MARIA BERTA AGUILAR GARCIA | F58: 611125150 | G58: NO | H58: SYR_ALEMAN | I58: AGENT | J58: ESTÁNDAR | K58: ALEMÁN | L58: 45904 | M58: CARMEN CORRALES PINEDA | O58: 15_23 | P58: 15_22 | Q58: 15_22 | R58: LFS_15_23 | S58: 15_23 | T58: LIBRA | U58: LIBRA | W58: magui110 | X58: magui110@ec.sitel.com | Y58: 3485617 | Z58: 3486248 | AB58: sitel.mbaguilar | AC58: mbaguilarg | AD58: 5217 | AE58: 5217MA | AF58: MBAGUILAR@525 | AH58: 44641 | AI58: 44641 | AJ58: 44641 | AK58: 44984 | AL58: #N/A | AM58: #N/A | AN58: #N/A | AO58: #N/A | AP58: #N/A | AQ58: #N/A | AR58: #N/A | AS58: #N/A | AT58: #N/A | AU58: #N/A | AV58: #N/A | AW58: #N/A | AX58: #N/A | AY58: #N/A | AZ58: #N/A | BA58: #N/A | BB58: #N/A | BC58: #N/A | BD58: #N/A | BE58: #N/A | BF58: #N/A | BG58: #N/A | BH58: #N/A | BI58: #N/A | BJ58: #N/A | BK58: #N/A | BM58: #N/A | BN58: #N/A | BO58: #N/A | BP58: #N/A | BQ58: #N/A | BR58: #N/A | BS58: #N/A | BT58: #N/A | BU58: #N/A | BV58: #N/A | BW58: #N/A | BX58: #N/A | BY58: #N/A | BZ58: #N/A | CB58: #N/A | CC58: 1 | CD58: 2022-03 | CF58: #N/A
A59: 58 | B59: 41W548 | C59: 9008398 | D59: 28840786M | E59: MANUEL AGUILAR GONZALEZ | F59: 640262388 | G59: NO | H59: SYR_ALEMAN | I59: AGENT | J59: ESTÁNDAR | K59: ALEMÁN | L59: 45957 | M59: CARMEN CORRALES PINEDA | O59: 09_17 | P59: 09_16 | Q59: 09_16 | R59: LFS_09_17 | S59: 09_17 | T59: LIBRA | U59: LIBRA | W59: magui337 | X59: magui337@ec.foundever.com | Y59: 3485874 | Z59: 3486667 | AB59: found.maguilar | AC59: MAGGO | AD59: 5013 | AE59: 5013MA | AF59: MAGUILAR@525 | AH59: 45988 | AI59: 45988 | AJ59: 45988 | AK59: 45988 | AL59: #N/A | AM59: #N/A | AN59: #N/A | AO59: #N/A | AP59: #N/A | AQ59: #N/A | AR59: #N/A | AS59: #N/A | AT59: #N/A | AU59: #N/A | AV59: #N/A | AW59: 45988 | AX59: #N/A | AY59: #N/A | AZ59: #N/A | BA59: #N/A | BB59: #N/A | BC59: #N/A | BD59: #N/A | BE59: #N/A | BF59: #N/A | BG59: #N/A | BH59: #N/A | BI59: #N/A | BJ59: #N/A | BK59: 45988 | BM59: #N/A | BN59: #N/A | BO59: #N/A | BP59: #N/A | BQ59: #N/A | BR59: #N/A | BS59: #N/A | BT59: #N/A | BU59: #N/A | BV59: #N/A | BW59: #N/A | BX59: #N/A | BY59: #N/A | BZ59: #N/A | CB59: 45988 | CC59: 1 | CD59: 2025-21 | CF59: #N/A
A60: 59 | B60: 41K457 | C60: 9002158 | D60: 44607972R | E60: FRANCISCA FERNANDEZ PULIDO | F60: 658288630 | G60: NO | H60: SYR_ALEMAN_WH | I60: AGENT | J60: ESTÁNDAR | K60: ALEMÁN | L60: 43418 | M60: MARTA GALLARDO ALVAREZ | O60: 09_17 | P60: @SSYRALE_VAC_09_17 | Q60: @SSYRALE_VAC_09_17 | R60: @SSYRALE_VAC_09_16 | S60: @SSYRALE_VAC_09_16 | T60: LIBRA | U60: LIBRA | W60: ffern044 | X60: ffern044@ec.sitel.com | Y60: 3485603 | Z60: 3481362 | AB60: sitel.ffernandez | AC60: ffernandezp | AD60: 5515 | AE60: 5515FF | AF60: FFERNANDEZ@525 | AH60: 44197 | AI60: 44197 | AJ60: 44197 | AK60: 45376 | AL60: 45975 | AM60: 45092 | AN60: 45975 | AO60: 45975 | AP60: #N/A | AQ60: 45106 | AR60: 45975 | AS60: #N/A | AT60: #N/A | AU60: #N/A | AV60: #N/A | AW60: 45723 | AX60: #N/A | AY60: #N/A | AZ60: #N/A | BA60: #N/A | BB60: #N/A | BC60: #N/A | BD60: #N/A | BE60: #N/A | BF60: #N/A | BG60: #N/A | BH60: #N/A | BI60: #N/A | BJ60: #N/A | BK60: 45960 | BM60: #N/A | BN60: #N/A | BO60: #N/A | BP60: #N/A | BQ60: #N/A | BR60: #N/A | BS60: #N/A | BT60: #N/A | BU60: #N/A | BV60: #N/A | BW60: #N/A | BX60: #N/A | BY60: #N/A | BZ60: #N/A | CB60: 45841 | CC60: 1 | CD60: 2021-00 | CF60: #N/A
A61: 60 | B61: 41K435 | C61: 9002822 | D61: X1525022F | E61: MONIKA KÖNIG | F61: 687152617 | G61: SI | H61: SYR_ALEMAN_WH | I61: AGENT | J61: ESTÁNDAR | K61: ALEMÁN | L61: 43587 | M61: BEATRIZ MORALES TEJADA | O61: VAC_09_15 | P61: VAC_LIBRA | Q61: VAC_09_15 | R61: VAC_09_15 | S61: VAC_LIBRA | T61: VAC_09_15 | U61: VAC_09_15 | W61: mkoni010 | X61: mkoni010@ec.sitel.com | Y61: 3485022 | Z61: 3481050 | AB61: sitel.mkonig | AC61: monkonig | AD61: 4318 | AE61: 4318MK | AF61: 0 | AH61: 44197 | AI61: 44197 | AJ61: 44197 | AK61: 44197 | AL61: #N/A | AM61: #N/A | AN61: #N/A | AO61: #N/A | AP61: #N/A | AQ61: #N/A | AR61: #N/A | AS61: #N/A | AT61: #N/A | AU61: #N/A | AV61: #N/A | AW61: #N/A | AX61: #N/A | AY61: #N/A | AZ61: #N/A | BA61: #N/A | BB61: #N/A | BC61: #N/A | BD61: #N/A | BE61: #N/A | BF61: #N/A | BG61: #N/A | BH61: #N/A | BI61: #N/A | BJ61: #N/A | BK61: #N/A | BM61: 44197 | BN61: 44197 | BO61: 44197 | BP61: 44197 | BQ61: 44701 | BR61: 44714 | BS61: 44197 | BT61: 44197 | BU61: 44197 | BV61: #N/A | BW61: #N/A | BX61: #N/A | BY61: #N/A | BZ61: #N/A | CB61: #N/A | CC61: 1 | CD61: 2021-00 | CF61: #N/A
A62: 61 | B62: 41R650 | C62: 1697515 | D62: 28827855T | E62: NOELIA MARIA MEDINA FERNANDEZ | F62: 654608127 | G62: NO | H62: SYR_ALEMAN_WH | I62: AGENT | J62: ESTÁNDAR | K62: ALEMÁN | L62: 45096 | M62: JASON CLARKE TERRON | O62: 12_20 | P62: @SSYRALE_13_20 | Q62: 12_20 | R62: LFS_12_20 | S62: @SSYRALE_13_20 | T62: LIBRA | U62: LIBRA | W62: nmedi035 | X62: nmedi035@ec.sitel.com | Y62: 3485176 | Z62: 3481497 | AB62: SITEL.NMMEDINA | AC62: NMEDINA | AD62: 4091 | AE62: 4091NM | AF62: 0 | AH62: 45093 | AI62: 45093 | AJ62: 45093 | AK62: 45093 | AL62: #N/A | AM62: #N/A | AN62: #N/A | AO62: #N/A | AP62: #N/A | AQ62: #N/A | AR62: #N/A | AS62: #N/A | AT62: #N/A | AU62: #N/A | AV62: #N/A | AW62: 45883 | AX62: #N/A | AY62: #N/A | AZ62: #N/A | BA62: #N/A | BB62: #N/A | BC62: #N/A | BD62: #N/A | BE62: #N/A | BF62: #N/A | BG62: #N/A | BH62: #N/A | BI62: #N/A | BJ62: #N/A | BK62: #N/A | BM62: 45371 | BN62: 45373 | BO62: 45583 | BP62: #N/A | BQ62: #N/A | BR62: #N/A | BS62: 45583 | BT62: 45583 | BU62: #N/A | BV62: #N/A | BW62: #N/A | BX62: #N/A | BY62: #N/A | BZ62: #N/A | CB62: #N/A | CC62: 1 | CD62: 2023-10 | CF62: #N/A
A63: 62 | B63: 41J030 | C63: 9002718 | D63: 28825874C | E63: JUAN MANUEL CONTRERAS REYES | F63: 645627852 | G63: NO | H63: SYR_ALEMAN_WH | I63: AGENT | J63: ESTÁNDAR | K63: ALEMÁN | L63: 43334 | M63: MARIA DOLORES PARRILLA BOZA | O63: @SSYRALE_09_17 | P63: @SSYRALE_09_16 | Q63: @SSYRALE_09_17 | R63: @SSYRALE_LFS_09_17 | S63: @SSYRALE_09_16 | T63: LIBRA | U63: LIBRA | W63: jcont052 | X63: jcont052@ec.sitel.com | Y63: 3485231 | Z63: 3481065 | AB63: sitel.jmcontrera | AC63: jmcontreras | AD63: 27738 | AE63: 7738JC | AF63: JMCONTRERA@525 | AH63: 44197 | AI63: 44197 | AJ63: 44197 | AK63: 44197 | AL63: 44197 | AM63: #N/A | AN63: #N/A | AO63: #N/A | AP63: #N/A | AQ63: #N/A | AR63: #N/A | AS63: #N/A | AT63: #N/A | AU63: #N/A | AV63: #N/A | AW63: 45734 | AX63: #N/A | AY63: #N/A | AZ63: #N/A | BA63: #N/A | BB63: #N/A | BC63: #N/A | BD63: #N/A | BE63: #N/A | BF63: #N/A | BG63: #N/A | BH63: #N/A | BI63: #N/A | BJ63: #N/A | BK63: 45958 | BM63: #N/A | BN63: #N/A | BO63: #N/A | BP63: #N/A | BQ63: #N/A | BR63: #N/A | BS63: #N/A | BT63: #N/A | BU63: #N/A | BV63: #N/A | BW63: #N/A | BX63: #N/A | BY63: #N/A | BZ63: #N/A | CB63: #N/A | CC63: 1 | CD63: 2021-00 | CF63: #N/A
A64: 63 | B64: 41K434 | C64: 9002821 | D64: 28836522L | E64: ANA KLEISCH CASCAJO | F64: 633485115 | G64: SI | H64: SYR_ALEMAN_WH | I64: AGENT | J64: ESTÁNDAR | K64: ALEMÁN | L64: 45064 | M64: MARTA GALLARDO ALVAREZ | O64: @SSYRALE_ILT_12_20 | P64: @SSYRALE_ILT_12_20 | Q64: @SSYRALE_ILT_12_20 | R64: @SSYRALE_LFS_13_20 | S64: @SSYRALE_ILT_13_20 | T64: LIBRA | U64: LIBRA | W64: aklei012 | X64: aklei012@ec.sitel.com | Y64: 3485789 | Z64: 3481489 | AB64: sitel.akleisch | AC64: akleischca | AD64: 5009 | AE64: 5009AK | AF64: 0 | AH64: 44197 | AI64: 45237 | AJ64: 45124 | AK64: 45237 | AL64: #N/A | AM64: #N/A | AN64: #N/A | AO64: #N/A | AP64: #N/A | AQ64: #N/A | AR64: #N/A | AS64: #N/A | AT64: #N/A | AU64: #N/A | AV64: #N/A | AW64: #N/A | AX64: #N/A | AY64: #N/A | AZ64: #N/A | BA64: #N/A | BB64: #N/A | BC64: #N/A | BD64: #N/A | BE64: #N/A | BF64: #N/A | BG64: #N/A | BH64: #N/A | BI64: #N/A | BJ64: #N/A | BK64: #N/A | BM64: #N/A | BN64: #N/A | BO64: #N/A | BP64: #N/A | BQ64: #N/A | BR64: #N/A | BS64: #N/A | BT64: #N/A | BU64: #N/A | BV64: #N/A | BW64: #N/A | BX64: #N/A | BY64: #N/A | BZ64: #N/A | CB64: #N/A | CC64: 1 | CD64: 2021-00 | CF64: #N/A
A65: 64 | B65: 41S767 | C65: 1806559 | D65: 28639127X | E65: CRISTINA GAMAZA KRELL | F65: 677633066 | G65: NO | H65: SYR_ALEMAN_WH | I65: AGENT | J65: ESTÁNDAR | K65: ALEMÁN | L65: 45348 | M65: MARTA GALLARDO ALVAREZ | O65: @SSYRALE_09_16 | P65: @SSYRALE_09_16 | Q65: LIBRA | R65: @SSYRALE_LFA_09_16 | S65: @SSYRALE_09_16 | T65: @SSYRALE_09_16 | U65: @SSYRALE_09_16 | W65: cgama015 | X65: cgama015@ec.sitel.com | Y65: 3485092 | Z65: 3481467 | AB65: sitel.cgamaza | AC65: CGAMAZA | AD65: 27168 | AE65: 7168CG | AF65: CGAMAZA@525 | AH65: 45448 | AI65: 45448 | AJ65: 45448 | AK65: 45448 | AL65: 45769 | AM65: #N/A | AN65: 22/04/2025@ | AO65: #N/A | AP65: #N/A | AQ65: #N/A | AR65: #N/A | AS65: #N/A | AT65: 29/05/2024@ | AU65: #N/A | AV65: 45786 | AW65: 45730 | AX65: #N/A | AY65: #N/A | AZ65: #N/A | BA65: #N/A | BB65: #N/A | BC65: #N/A | BD65: #N/A | BE65: #N/A | BF65: #N/A | BG65: #N/A | BH65: #N/A | BI65: #N/A | BJ65: #N/A | BK65: 45957 | BM65: #N/A | BN65: #N/A | BO65: #N/A | BP65: #N/A | BQ65: #N/A | BR65: #N/A | BS65: #N/A | BT65: #N/A | BU65: #N/A | BV65: #N/A | BW65: #N/A | BX65: #N/A | BY65: #N/A | BZ65: #N/A | CB65: 45734 | CC65: 1 | CD65: 2024-05 | CF65: #N/A
A66: 65 | B66: 41Q494 | C66: 1571016 | D66: 05306854H | E66: LAURA PEREZ CANAL | F66: 689 585 218 / 974 942 946 | G66: NO | H66: SYR_ALEMAN_WH | I66: AGENT | J66: ESTÁNDAR | K66: ALEMÁN | L66: 44918 | M66: MARCO MINGHELLA | O66: 12_20 | P66: 13_20 | Q66: LIBRA | R66: LFA_12_20 | S66: 13_20 | T66: 12_20 | U66: 12_20 | W66: lpere230 | X66: lpere230@ec.sitel.com | Y66: 3485015 | Z66: 3486515 | AB66: sitel.lperez | AC66: LPEREZC | AD66: 4404 | AE66: 4404LP | AF66: 0 | AH66: 44733 | AI66: 45065 | AJ66: 45065 | AK66: 45065 | AL66: #N/A | AM66: #N/A | AN66: #N/A | AO66: #N/A | AP66: #N/A | AQ66: #N/A | AR66: #N/A | AS66: #N/A | AT66: #N/A | AU66: #N/A | AV66: #N/A | AW66: 45937 | AX66: #N/A | AY66: #N/A | AZ66: #N/A | BA66: #N/A | BB66: #N/A | BC66: #N/A | BD66: #N/A | BE66: #N/A | BF66: #N/A | BG66: #N/A | BH66: #N/A | BI66: #N/A | BJ66: #N/A | BK66: #N/A | BM66: #N/A | BN66: #N/A | BO66: #N/A | BP66: #N/A | BQ66: #N/A | BR66: #N/A | BS66: #N/A | BT66: #N/A | BU66: #N/A | BV66: #N/A | BW66: #N/A | BX66: #N/A | BY66: #N/A | BZ66: #N/A | CB66: #N/A | CC66: 1 | CD66: 2022-08 | CF66: #N/A
A67: 66 | B67: 41R201 | C67: 1612129 | D67: 47207481G | E67: JOSE MARIA PIMIENTA LORENZO | F67: 613 083 731 | G67: NO | H67: SYR_ALEMAN_WH | I67: AGENT | J67: ESTÁNDAR | K67: ALEMÁN | L67: 44909 | M67: CARMEN CORRALES PINEDA | O67: 09_16 | P67: LIBRA | Q67: 09_16 | R67: 09_16 | S67: LIBRA | T67: @SSYRALE_09_16 | U67: @SSYRALE_09_16 | W67: jpimi010 | X67: jpimi010@ec.sitel.com | Y67: 3485162 | Z67: 3486601 | AB67: SITEL.JMPIMIENTA | AC67: JPIMIENTA | AD67: 5881 | AE67: 5881JP | AF67: JMPIMIENTA@525 | AH67: 44882 | AI67: 44908 | AJ67: 44908 | AK67: 44984 | AL67: #N/A | AM67: #N/A | AN67: #N/A | AO67: #N/A | AP67: #N/A | AQ67: #N/A | AR67: 45406 | AS67: #N/A | AT67: #N/A | AU67: #N/A | AV67: #N/A | AW67: 45671 | AX67: #N/A | AY67: #N/A | AZ67: #N/A | BA67: #N/A | BB67: #N/A | BC67: #N/A | BD67: #N/A | BE67: #N/A | BF67: #N/A | BG67: #N/A | BH67: #N/A | BI67: #N/A | BJ67: #N/A | BK67: 45960 | BM67: #N/A | BN67: #N/A | BO67: #N/A | BP67: #N/A | BQ67: #N/A | BR67: #N/A | BS67: #N/A | BT67: #N/A | BU67: #N/A | BV67: #N/A | BW67: #N/A | BX67: #N/A | BY67: #N/A | BZ67: #N/A | CB67: 45841 | CC67: 1 | CD67: 2022-27 | CE67: #REF! | CF67: #N/A | CG67: #REF!
A68: 67 | B68: 41S765 | C68: 1806556 | D68: 48823126Z | E68: CRISTINA ANTONIETTY GONZALEZ | F68: 654741385 | G68: NO | H68: SYR_ALEMAN_WH | I68: AGENT | J68: ESTÁNDAR | K68: ALEMÁN | L68: 45348 | M68: CARMEN CORRALES PINEDA | O68: @SSYRALE_VAC_09_15 | P68: @SSYRALE_VAC_09_15 | Q68: VAC_LIBRA | R68: VAC_LIBRA | S68: @SSYRALE_VAC_09_15 | T68: @SSYRALE_VAC_09_15 | U68: @SSYRALE_VAC_09_15 | W68: canto059 | X68: canto059@ec.sitel.com | Y68: 3485829 | Z68: 3486439 | AB68: sitel.cantoniett | AC68: CANTONIETTY | AD68: 27428 | AE68: 7428CA | AF68: 0 | AH68: 45448 | AI68: 45448 | AJ68: 45448 | AK68: 45448 | AL68: #N/A | AM68: #N/A | AN68: #N/A | AO68: #N/A | AP68: #N/A | AQ68: #N/A | AR68: #N/A | AS68: #N/A | AT68: 45441 | AU68: #N/A | AV68: #N/A | AW68: 45671 | AX68: #N/A | AY68: #N/A | AZ68: #N/A | BA68: #N/A | BB68: #N/A | BC68: #N/A | BD68: #N/A | BE68: #N/A | BF68: #N/A | BG68: #N/A | BH68: #N/A | BI68: #N/A | BJ68: #N/A | BK68: #N/A | BM68: #N/A | BN68: #N/A | BO68: #N/A | BP68: #N/A | BQ68: #N/A | BR68: #N/A | BS68: #N/A | BT68: #N/A | BU68: #N/A | BV68: #N/A | BW68: #N/A | BX68: #N/A | BY68: #N/A | BZ68: #N/A | CB68: 45841 | CC68: 1 | CD68: 2024-04 | CF68: #N/A
A69: 68 | B69: 41K410 | C69: 1579320 | D69: 10249532L | E69: MANUEL WALTEMATHE DUARTE | F69: 634636707 | G69: NO | H69: SYR_ALEMAN_WH | I69: AGENT | J69: ESTÁNDAR | K69: ALEMÁN | L69: 44774 | M69: ANA VILLENA JOYA | O69: @SSYRALE_09_16 | P69: LIBRA | Q69: @SSYRALE_09_17 | R69: @SSYRALE_09_17 | S69: LIBRA | T69: @SSYRALE_09_17 | U69: @SSYRALE_09_17 | W69: mwalt048 | X69: mwalt048@ec.foundever.com | Y69: 3485735 | Z69: 3486547 | AB69: sitel.mwaltemath | AC69: mwaltemathe | AD69: 27724 | AE69: 27724mw | AF69: MWALTEMATH@525 | AH69: 45460 | AI69: 45448 | AJ69: 45448 | AK69: 45448 | AL69: #N/A | AM69: #N/A | AN69: #N/A | AO69: #N/A | AP69: #N/A | AQ69: #N/A | AR69: #N/A | AS69: #N/A | AT69: 45441 | AU69: #N/A | AV69: #N/A | AW69: #N/A | AX69: #N/A | AY69: #N/A | AZ69: #N/A | BA69: #N/A | BB69: #N/A | BC69: #N/A | BD69: #N/A | BE69: #N/A | BF69: #N/A | BG69: #N/A | BH69: 45446 | BI69: #N/A | BJ69: #N/A | BK69: 45952 | BM69: #N/A | BN69: #N/A | BO69: #N/A | BP69: #N/A | BQ69: #N/A | BR69: #N/A | BS69: #N/A | BT69: #N/A | BU69: #N/A | BV69: #N/A | BW69: #N/A | BX69: #N/A | BY69: #N/A | BZ69: #N/A | CB69: 45728 | CC69: 1 | CD69: 2024-04 | CF69: #N/A
A70: 69 | B70: 08I388 | C70: 1397273 | D70: 39409296S | E70: SARAH WESTPHAL LLORENTE | F70: 615789176 | G70: NO | H70: SYR_ALEMAN_WH | I70: AGENT | J70: ESTÁNDAR | K70: ALEMÁN | L70: 44881 | M70: MARTA GALLARDO ALVAREZ | O70: LAC_12_1230/1230_1930/LAC_1930_20 | P70: LAC_12_1230/1230_1930/LAC_1930_20 | Q70: LAC_13_1330/1330_1930/LAC_1930_20 | R70: LAC_12_1230/1230_1930/LAC_1930_20 | S70: LAC_12_1230/1230_1930/LAC_1930_20 | T70: LIBRA | U70: LIBRA | W70: swest078 | X70: swest078@ec.sitel.com | Y70: 3485778 | Z70: 3481498 | AB70: SITEL.SWESTPHAL | AC70: SWESTPHAL | AD70: 4115 | AE70: 4115SW | AF70: SWESTPHAL@525 | AH70: 45093 | AI70: 45093 | AJ70: 45093 | AK70: 45093 | AL70: #N/A | AM70: #N/A | AN70: #N/A | AO70: #N/A | AP70: #N/A | AQ70: #N/A | AR70: #N/A | AS70: #N/A | AT70: #N/A | AU70: #N/A | AV70: #N/A | AW70: #N/A | AX70: #N/A | AY70: #N/A | AZ70: #N/A | BA70: #N/A | BB70: #N/A | BC70: #N/A | BD70: #N/A | BE70: #N/A | BF70: #N/A | BG70: #N/A | BH70: #N/A | BI70: #N/A | BJ70: #N/A | BK70: 45975 | BM70: #N/A | BN70: #N/A | BO70: #N/A | BP70: #N/A | BQ70: #N/A | BR70: #N/A | BS70: #N/A | BT70: #N/A | BU70: #N/A | BV70: #N/A | BW70: #N/A | BX70: #N/A | BY70: #N/A | BZ70: #N/A | CB70: #N/A | CC70: 1 | CD70: 2023-10 | CF70: #N/A
A71: 70 | B71: 41R651 | C71: 1697516 | D71: 53347857R | E71: MARIA JOSE NIETO MARTIN | F71: 633957105 | G71: NO | H71: SYR_ALEMAN_WH | I71: AGENT | J71: ESTÁNDAR | K71: ALEMÁN | L71: 45096 | M71: JASON CLARKE TERRON | O71: @SSYRALE_13_19/@SSYRALE_DLF_19_20 | P71: LIBRA | Q71: @SSYRALE_DLF_12_20 | R71: @SSYRALE_LFS_12_20 | S71: LIBRA | T71: // | U71: // | W71: mniet066 | X71: mniet066@ec.sitel.com | Y71: 3485676 | Z71: 3481496 | AB71: SITEL.MJNIETO | AC71: MAJONIETO | AD71: 5108 | AE71: 5108MN | AF71: 0 | AH71: 45093 | AI71: 45093 | AJ71: 45093 | AK71: 45093 | AL71: 45482 | AM71: 45482 | AN71: 45482 | AO71: 45975 | AP71: #N/A | AQ71: 45820 | AR71: 45482 | AS71: #N/A | AT71: #N/A | AU71: 45922 | AV71: 45611 | AW71: 45586 | AX71: #N/A | AY71: #N/A | AZ71: #N/A | BA71: #N/A | BB71: #N/A | BC71: #N/A | BD71: #N/A | BE71: #N/A | BF71: #N/A | BG71: #N/A | BH71: #N/A | BI71: #N/A | BJ71: #N/A | BK71: #N/A | BM71: #N/A | BN71: #N/A | BO71: #N/A | BP71: #N/A | BQ71: #N/A | BR71: #N/A | BS71: #N/A | BT71: #N/A | BU71: #N/A | BV71: #N/A | BW71: #N/A | BX71: #N/A | BY71: #N/A | BZ71: #N/A | CB71: 45728 | CC71: 1 | CD71: 2023-10 | CF71: #N/A
A72: 71 | B72: 419138 | C72: 9000938 | D72: 78978419F | E72: ROSA MARIA DOMINGUEZ DEL RIO | F72: 680851685/626071262 | G72: NO | H72: SYR_ALEMAN_WH | I72: AGENT | J72: ESTÁNDAR | K72: ALEMÁN | L72: 45286 | M72: CARMEN CORRALES PINEDA | O72: 12_20 | P72: @SSYRALE_13_20 | Q72: 12_20 | R72: 12_20 | S72: @SSYRALE_13_20 | T72: LIBRA | U72: LIBRA | W72: rdomi045 | X72: rdomi045@ec.sitel.com | Y72: 3485752 | Z72: 3486629 | AB72: sitel.rmdomingue | AC72: rmdominguez | AD72: 4142 | AE72: 4142RD | AF72: 0 | AH72: 44641 | AI72: 45289 | AJ72: 45289 | AK72: 45289 | AL72: #N/A | AM72: #N/A | AN72: #N/A | AO72: #N/A | AP72: #N/A | AQ72: #N/A | AR72: #N/A | AS72: #N/A | AT72: 44197 | AU72: #N/A | AV72: #N/A | AW72: 45937 | AX72: #N/A | AY72: #N/A | AZ72: #N/A | BA72: #N/A | BB72: #N/A | BC72: #N/A | BD72: #N/A | BE72: #N/A | BF72: #N/A | BG72: #N/A | BH72: #N/A | BI72: #N/A | BJ72: #N/A | BK72: #N/A | BM72: #N/A | BN72: #N/A | BO72: #N/A | BP72: #N/A | BQ72: #N/A | BR72: #N/A | BS72: #N/A | BT72: #N/A | BU72: #N/A | BV72: #N/A | BW72: #N/A | BX72: #N/A | BY72: #N/A | BZ72: #N/A | CB72: #N/A | CC72: 1 | CD72: #N/A | CF72: #N/A
A73: 72 | B73: 41E905 | C73: 9003025 | D73: 75906059X | E73: YAIZA ANDRADE LEIVA | F73: 600732448 | G73: NO | H73: SYR_ATENCION_PERSONAL | I73: AGENT | J73: ESTÁNDAR | K73: INGLÉS | L73: 42864 | M73: JOSE ANTONIO CAMACHO ROMANO | O73: 07_14 | P73: 07_14 | Q73: 07_14 | R73: LFS_07_14 | S73: 07_14 | T73: LIBRA | U73: LIBRA | W73: yandr003 | X73: yandr003@ec.sitel.com | Y73: 3485235 | Z73: 3481145 | AB73: sitel.yandrade | AC73: yandradel | AD73: 3095 | AE73: 3095YA | AF73: YANDRADE@525 | AH73: 44197 | AI73: 44197 | AJ73: 44197 | AK73: 44197 | AL73: 44197 | AM73: #N/A | AN73: 44197 | AO73: 45870 | AP73: #N/A | AQ73: 44682 | AR73: 45975 | AS73: #N/A | AT73: #N/A | AU73: #N/A | AV73: #N/A | AW73: 45670 | AX73: #N/A | AY73: #N/A | AZ73: 44562 | BA73: #N/A | BB73: #N/A | BC73: #N/A | BD73: #N/A | BE73: #N/A | BF73: #N/A | BG73: #N/A | BH73: #N/A | BI73: #N/A | BJ73: #N/A | BK73: 45961 | BM73: #N/A | BN73: #N/A | BO73: #N/A | BP73: #N/A | BQ73: #N/A | BR73: #N/A | BS73: #N/A | BT73: #N/A | BU73: #N/A | BV73: #N/A | BW73: #N/A | BX73: #N/A | BY73: #N/A | BZ73: #N/A | CB73: 45728 | CC73: 1 | CD73: 2021-00 | CF73: #N/A
A74: 73 | B74: 41G606 | C74: 9003164 | D74: 73010243D | E74: ALEJANDRA CENTRON BROCO | F74: 630145191 | G74: NO | H74: SYR_ATENCION_PERSONAL_WH | I74: AGENT | J74: ESTÁNDAR | K74: ITALIANO | L74: 42999 | M74: JOSE ANTONIO CAMACHO ROMANO | O74: 08_15 | P74: @SSYRATE_08_15 | Q74: 08_15 | R74: 08_15 | S74: @SSYRATE_08_15 | T74: LIBRA | U74: LIBRA | W74: acent007 | X74: acent007@ec.sitel.com | Y74: 3485559 | Z74: 3481164 | AB74: sitel.acentron | AC74: acentronbr | AD74: 27703 | AE74: 7703AC | AF74: ACENTRON@525 | AH74: 44197 | AI74: 44197 | AJ74: 44197 | AK74: 44197 | AL74: 45985 | AM74: 44825 | AN74: 44825 | AO74: 45870 | AP74: #N/A | AQ74: 44682 | AR74: 44676 | AS74: 44652 | AT74: #N/A | AU74: 45912 | AV74: 45097 | AW74: 45034 | AX74: #N/A | AY74: #N/A | AZ74: 44562 | BA74: #N/A | BB74: #N/A | BC74: #N/A | BD74: #N/A | BE74: #N/A | BF74: #N/A | BG74: #N/A | BH74: #N/A | BI74: #N/A | BJ74: #N/A | BK74: 45959 | BM74: #N/A | BN74: #N/A | BO74: #N/A | BP74: #N/A | BQ74: #N/A | BR74: #N/A | BS74: #N/A | BT74: #N/A | BU74: #N/A | BV74: #N/A | BW74: #N/A | BX74: #N/A | BY74: #N/A | BZ74: #N/A | CB74: 45723 | CC74: 1 | CD74: 2021-00 | CE74: #REF! | CF74: #N/A | CG74: #REF!
A75: 74 | B75: 41H201 | C75: 9003558 | D75: 48963042K | E75: CRISTINA VELASCO ROMAN | F75: 675745177 | G75: NO | H75: SYR_ATENCION_PERSONAL_WH | I75: AGENT | J75: ESTÁNDAR | K75: INGLÉS | L75: 45894 | M75: JOSE ANTONIO CAMACHO ROMANO | O75: @SSYRATE_08_15 | P75: @SSYRATE_08_15 | Q75: 08_15 | R75: LFS_08_15 | S75: @SSYRATE_08_15 | T75: LIBRA | U75: LIBRA | W75: cvela045 | X75: cvela045@ec.sitel.com | Y75: 3485239 | Z75: 3481147 | AB75: sitel.cvelasco | AC75: cvelasco | AD75: 4215 | AE75: 4215CV | AF75: CVELASCO@525 | AH75: 44197 | AI75: 44197 | AJ75: 44197 | AK75: 44197 | AL75: #N/A | AM75: #N/A | AN75: #N/A | AO75: #N/A | AP75: #N/A | AQ75: 44682 | AR75: #N/A | AS75: 44652 | AT75: #N/A | AU75: #N/A | AV75: #N/A | AW75: 45936 | AX75: #N/A | AY75: #N/A | AZ75: #N/A | BA75: #N/A | BB75: #N/A | BC75: #N/A | BD75: #N/A | BE75: #N/A | BF75: #N/A | BG75: #N/A | BH75: #N/A | BI75: #N/A | BJ75: #N/A | BK75: 45959 | BM75: #N/A | BN75: #N/A | BO75: #N/A | BP75: #N/A | BQ75: #N/A | BR75: #N/A | BS75: #N/A | BT75: #N/A | BU75: #N/A | BV75: #N/A | BW75: #N/A | BX75: #N/A | BY75: #N/A | BZ75: #N/A | CB75: 45728 | CC75: 1 | CD75: 2021-00 | CF75: #N/A
A76: 75 | B76: 41R008 | C76: 1598949 | D76: 30695898Y | E76: SONIA SEGURA MORILLO | F76: 624 839 195 | G76: NO | H76: SYR_BUSQUEDA_ALE_WH | I76: AGENT | J76: ESTÁNDAR | K76: ALEMÁN | L76: 44970 | M76: CARMEN CORRALES PINEDA | O76: LFC_09_17 | P76: 09_17 | Q76: 09_16 | R76: LFS_09_17 | S76: 09_16 | T76: LIBRA | U76: LIBRA | W76: ssegu013 | X76: ssegu013@ec.sitel.com | Y76: 3485688 | Z76: 3481432 | AB76: SITEL.ssegura | AC76: SSEGURAM | AD76: 4487 | AE76: 4487SS | AF76: SSEGURA@525 | AH76: 44844 | AI76: 44844 | AJ76: 44844 | AK76: 44984 | AL76: #N/A | AM76: #N/A | AN76: #N/A | AO76: #N/A | AP76: #N/A | AQ76: #N/A | AR76: 45771 | AS76: #N/A | AT76: #N/A | AU76: #N/A | AV76: #N/A | AW76: 45733 | AX76: #N/A | AY76: #N/A | AZ76: #N/A | BA76: #N/A | BB76: #N/A | BC76: #N/A | BD76: #N/A | BE76: #N/A | BF76: 45275 | BG76: #N/A | BH76: #N/A | BI76: #N/A | BJ76: #N/A | BK76: 45946 | BM76: #N/A | BN76: #N/A | BO76: #N/A | BP76: #N/A | BQ76: #N/A | BR76: #N/A | BS76: #N/A | BT76: #N/A | BU76: #N/A | BV76: #N/A | BW76: #N/A | BX76: #N/A | BY76: #N/A | BZ76: #N/A | CB76: #N/A | CC76: 1 | CD76: 2022-25 | CF76: #N/A
A77: 76 | B77: 41R198 | C77: 1612124 | D77: 47393425Q | E77: MARTA GARCIA MARTIN | F77: 613 514 887 | G77: NO | H77: SYR_BUSQUEDA_ALE_WH | I77: AGENT | J77: ESTÁNDAR | K77: ALEMÁN | L77: 44909 | M77: CARMEN CORRALES PINEDA | O77: 09_16 | P77: LIBRA | Q77: 09_16 | R77: 09_17 | S77: LIBRA | T77: VAC_09_17 | U77: VAC_09_17 | W77: mgarc959 | X77: mgarc959@ec.sitel.com | Y77: 3485150 | Z77: 3486600 | AB77: SITEL.MGARCIAM | AC77: MGARMART | AD77: 4533 | AE77: 4533MG | AF77: MGARCIAM@525 | AH77: 44908 | AI77: 44908 | AJ77: 44908 | AK77: 44974 | AL77: #N/A | AM77: #N/A | AN77: #N/A | AO77: #N/A | AP77: #N/A | AQ77: #N/A | AR77: 45771 | AS77: #N/A | AT77: #N/A | AU77: #N/A | AV77: #N/A | AW77: 45688 | AX77: #N/A | AY77: #N/A | AZ77: #N/A | BA77: #N/A | BB77: #N/A | BC77: #N/A | BD77: #N/A | BE77: #N/A | BF77: 45275 | BG77: #N/A | BH77: #N/A | BI77: #N/A | BJ77: #N/A | BK77: 45968 | BM77: #N/A | BN77: #N/A | BO77: #N/A | BP77: #N/A | BQ77: #N/A | BR77: #N/A | BS77: #N/A | BT77: #N/A | BU77: #N/A | BV77: #N/A | BW77: #N/A | BX77: #N/A | BY77: #N/A | BZ77: #N/A | CB77: 45726 | CC77: 1 | CD77: 2022-27 | CF77: #N/A
A78: 77 | B78: 41M665 | C78: 9005362 | D78: 28927984X | E78: ANTONIO JESUS VELAZQUEZ JIMENEZ | F78: 637381651 | G78: NO | H78: SYR_BUSQUEDA_ESP_WH | I78: AGENT | J78: ESTÁNDAR | K78: ESPAÑOL | L78: 44197 | M78: MARTA GOMEZ MEDRAN | O78: 12_21 | P78: 12_21 | Q78: 12_21 | R78: VAC_13_21 | S78: LIBRA | T78: LIBRA | U78: LIBRA | W78: avela089 | X78: avela089@ec.sitel.com | Y78: 3485569 | Z78: 3486141 | AB78: sitel.ajvelazque | AC78: AJVELAZQUE | AD78: 5667 | AE78: 5667AV | AF78: AJVELAZQUE@525 | AH78: 44771 | AI78: 44774 | AJ78: 44774 | AK78: 45056 | AL78: #N/A | AM78: #N/A | AN78: #N/A | AO78: #N/A | AP78: #N/A | AQ78: #N/A | AR78: #N/A | AS78: #N/A | AT78: #N/A | AU78: #N/A | AV78: #N/A | AW78: 45735 | AX78: #N/A | AY78: #N/A | AZ78: #N/A | BA78: #N/A | BB78: #N/A | BC78: #N/A | BD78: #N/A | BE78: #N/A | BF78: 45226 | BG78: #N/A | BH78: #N/A | BI78: #N/A | BJ78: #N/A | BK78: 45968 | BM78: #N/A | BN78: #N/A | BO78: #N/A | BP78: #N/A | BQ78: #N/A | BR78: #N/A | BS78: #N/A | BT78: #N/A | BU78: #N/A | BV78: #N/A | BW78: #N/A | BX78: #N/A | BY78: #N/A | BZ78: #N/A | CB78: 45734 | CC78: 1 | CD78: 2022-15 | CF78: #N/A
A79: 78 | B79: 41M694 | C79: 9005333 | D79: X8400041G | E79: ANA MARIA VLADA | F79: 670835074 | G79: NO | H79: SYR_BUSQUEDA_ESP_WH | I79: AGENT | J79: ESTÁNDAR | K79: ESPAÑOL | L79: 44197 | M79: MARTA GOMEZ MEDRAN | O79: 12_21 | P79: 12_21 | Q79: 13_21 | R79: LFS_12_21 | S79: LIBRA | T79: LIBRA | U79: LIBRA | W79: avlad002 | X79: avlad002@ec.sitel.com | Y79: 3485680 | Z79: 3486530 | AB79: sitel.amvlada | AC79: AVLADA | AD79: 4415 | AE79: 4415AV | AF79: AMVLADA@525 | AH79: 44753 | AI79: 44753 | AJ79: 44753 | AK79: 44994 | AL79: #N/A | AM79: #N/A | AN79: #N/A | AO79: #N/A | AP79: #N/A | AQ79: 45820 | AR79: #N/A | AS79: #N/A | AT79: #N/A | AU79: #N/A | AV79: #N/A | AW79: 45735 | AX79: #N/A | AY79: #N/A | AZ79: #N/A | BA79: #N/A | BB79: #N/A | BC79: #N/A | BD79: #N/A | BE79: #N/A | BF79: #N/A | BG79: #N/A | BH79: #N/A | BI79: #N/A | BJ79: #N/A | BK79: 45945 | BM79: #N/A | BN79: #N/A | BO79: #N/A | BP79: #N/A | BQ79: #N/A | BR79: #N/A | BS79: #N/A | BT79: #N/A | BU79: #N/A | BV79: #N/A | BW79: #N/A | BX79: #N/A | BY79: #N/A | BZ79: #N/A | CB79: #N/A | CC79: 1 | CD79: 2022-10 | CF79: #N/A
A80: 79 | B80: 41G947 | C80: 9003568 | D80: 79075580Q | E80: LAZARO AHMED DAUD CORBELLE | F80: 670414456 | G80: NO | H80: SYR_BUSQUEDA_ESP_WH | I80: AGENT | J80: ESTÁNDAR | K80: ESPAÑOL | L80: 43132 | M80: MARTA GOMEZ MEDRAN | O80: 08_16 | P80: 08_15 | Q80: 08_15 | R80: LFS_08_16 | S80: 08_16 | T80: LIBRA | U80: LIBRA | W80: ldaud002 | X80: ldaud002@ec.sitel.com | Y80: 3485842 | Z80: 3486370 | AB80: sitel.ladaud | AC80: LAHMED | AD80: 4434 | AE80: 4434LD | AF80: LADAUD@525 | AH80: 44753 | AI80: 45240 | AJ80: 45210 | AK80: 45240 | AL80: 45238 | AM80: 45240 | AN80: #N/A | AO80: #N/A | AP80: #N/A | AQ80: #N/A | AR80: 45239 | AS80: #N/A | AT80: #N/A | AU80: #N/A | AV80: #N/A | AW80: 45642 | AX80: #N/A | AY80: #N/A | AZ80: #N/A | BA80: #N/A | BB80: #N/A | BC80: #N/A | BD80: #N/A | BE80: #N/A | BF80: 45460 | BG80: #N/A | BH80: #N/A | BI80: #N/A | BJ80: #N/A | BK80: 45946 | BM80: #N/A | BN80: #N/A | BO80: #N/A | BP80: #N/A | BQ80: #N/A | BR80: #N/A | BS80: #N/A | BT80: #N/A | BU80: #N/A | BV80: #N/A | BW80: #N/A | BX80: #N/A | BY80: #N/A | BZ80: #N/A | CB80: 45726 | CC80: 1 | CD80: 2022-10 | CF80: #N/A
A81: 80 | B81: 41S518 | C81: 1791304 | D81: 52693197J | E81: FERNANDO MARIA DE LA ROSA PEREZ | F81: 679751893 | G81: SI | H81: SYR_BUSQUEDA_ESP_WH | I81: AGENT | J81: ESTÁNDAR | K81: ESPAÑOL | L81: 45275 | M81: JOSE LUIS RAMOS LOPEZ | O81: ILT_1630_20 | P81: ILT_1630_20 | Q81: LIBRA | R81: LFA_1630_20 | S81: ILT_1630_20 | T81: ILT_1630_20 | U81: ILT_1630_20 | W81: fdela066 | X81: fdela066@ec.sitel.com | Y81: 3485782 | Z81: 3486325 | AB81: SITEL.FMROSA | AC81: FDELAROSA | AD81: 4262 | AE81: 4262FD | AF81: FMROSA@525 | AH81: 45274 | AI81: 45359 | AJ81: 45274 | AK81: 45359 | AL81: #N/A | AM81: #N/A | AN81: #N/A | AO81: #N/A | AP81: #N/A | AQ81: #N/A | AR81: #N/A | AS81: #N/A | AT81: #N/A | AU81: #N/A | AV81: #N/A | AW81: 45946 | AX81: #N/A | AY81: #N/A | AZ81: #N/A | BA81: #N/A | BB81: #N/A | BC81: #N/A | BD81: #N/A | BE81: #N/A | BF81: 45460 | BG81: #N/A | BH81: #N/A | BI81: #N/A | BJ81: #N/A | BK81: 45968 | BM81: #N/A | BN81: #N/A | BO81: #N/A | BP81: #N/A | BQ81: #N/A | BR81: #N/A | BS81: #N/A | BT81: #N/A | BU81: #N/A | BV81: #N/A | BW81: #N/A | BX81: #N/A | BY81: #N/A | BZ81: #N/A | CB81: #N/A | CC81: 1 | CD81: 2023-25 | CF81: #N/A
A82: 81 | B82: 41S517 | C82: 1791305 | D82: 77871195A | E82: LUCIA BERMEJO OLIVA | F82: 658810110 | G82: NO | H82: SYR_BUSQUEDA_ESP_WH | I82: AGENT | J82: ESTÁNDAR | K82: ESPAÑOL | L82: 45275 | M82: JOSE LUIS RAMOS LOPEZ | O82: 07_15 | P82: 07_15 | Q82: LIBRA | R82: LFA_07_15 | S82: 07_15 | T82: 07_15 | U82: 07_15 | W82: lberm036 | X82: lberm036@ec.sitel.com | Y82: 3485886 | Z82: 3486457 | AB82: SITEL.lbermejo | AC82: LBERMEJO | AD82: 5673 | AE82: 5673LB | AF82: LBERME@525 | AH82: 45274 | AI82: 45351 | AJ82: 45274 | AK82: 45351 | AL82: #N/A | AM82: #N/A | AN82: #N/A | AO82: #N/A | AP82: #N/A | AQ82: #N/A | AR82: #N/A | AS82: #N/A | AT82: #N/A | AU82: #N/A | AV82: #N/A | AW82: 45772 | AX82: #N/A | AY82: #N/A | AZ82: #N/A | BA82: #N/A | BB82: #N/A | BC82: #N/A | BD82: #N/A | BE82: #N/A | BF82: 45460 | BG82: #N/A | BH82: #N/A | BI82: #N/A | BJ82: #N/A | BK82: 45968 | BM82: #N/A | BN82: #N/A | BO82: #N/A | BP82: #N/A | BQ82: #N/A | BR82: #N/A | BS82: #N/A | BT82: #N/A | BU82: #N/A | BV82: #N/A | BW82: #N/A | BX82: #N/A | BY82: #N/A | BZ82: #N/A | CB82: #N/A | CC82: 1 | CD82: 2023-25 | CF82: #N/A
A83: 82 | B83: 41T901 | C83: 9006747 | D83: 49302063E | E83: PAOLA ARAGON GOMEZ | F83: 697117844 | G83: NO | H83: SYR_BUSQUEDA_ESP_WH | I83: AGENT | J83: ESTÁNDAR | K83: ESPAÑOL | L83: 45600 | M83: MARTA GOMEZ MEDRAN | O83: 15_21 | P83: 15_21 | Q83: 08_14 | R83: 15_21 | S83: 15_21 | T83: LIBRA | U83: LIBRA | W83: parag012 | X83: parag012@ec.sitel.com | Y83: 3485982 | Z83: 3486628 | AB83: sitel.paragon | AC83: PAOLAARA | AD83: 5921 | AE83: 5921PA | AF83: PARAGON@525 | AH83: 45600 | AI83: 45600 | AJ83: 45600 | AK83: 45600 | AL83: #N/A | AM83: #N/A | AN83: #N/A | AO83: #N/A | AP83: #N/A | AQ83: #N/A | AR83: #N/A | AS83: #N/A | AT83: #N/A | AU83: #N/A | AV83: #N/A | AW83: 45736 | AX83: #N/A | AY83: #N/A | AZ83: #N/A | BA83: #N/A | BB83: #N/A | BC83: #N/A | BD83: #N/A | BE83: #N/A | BF83: 45818 | BG83: #N/A | BH83: #N/A | BI83: #N/A | BJ83: #N/A | BK83: 45968 | BM83: #N/A | BN83: #N/A | BO83: #N/A | BP83: #N/A | BQ83: #N/A | BR83: #N/A | BS83: #N/A | BT83: #N/A | BU83: #N/A | BV83: #N/A | BW83: #N/A | BX83: #N/A | BY83: #N/A | BZ83: #N/A | CB83: #N/A | CC83: 1 | CD83: 2024-23 | CF83: #N/A
A84: 83 | B84: 412205 | C84: 960555 | D84: 53771459N | E84: ALEXANDRA CRUZ NAVAS | F84: 669605589 | G84: NO | H84: SYR_BUSQUEDA_ESP_WH | I84: AGENT | J84: ESTÁNDAR | K84: ESPAÑOL | L84: 38443 | M84: JOSE LUIS RAMOS LOPEZ | O84: VAC_07_15 | P84: VAC_07_15 | Q84: VAC_07_15 | R84: 07_15 | S84: 07_14 | T84: LIBRA | U84: LIBRA | W84: ocruz002 | X84: ocruz002@ec.sitel.com | Y84: 3485679 | Z84: 3486529 | AB84: sitel.oacruz | AC84: ACRUZN | AD84: 5707 | AE84: 5707OC | AF84: OACRUZ@525 | AH84: 44753 | AI84: 44753 | AJ84: 44753 | AK84: 44974 | AL84: #N/A | AM84: #N/A | AN84: #N/A | AO84: #N/A | AP84: #N/A | AQ84: #N/A | AR84: #N/A | AS84: #N/A | AT84: #N/A | AU84: #N/A | AV84: #N/A | AW84: 45642 | AX84: #N/A | AY84: #N/A | AZ84: #N/A | BA84: #N/A | BB84: #N/A | BC84: #N/A | BD84: #N/A | BE84: #N/A | BF84: #N/A | BG84: #N/A | BH84: #N/A | BI84: #N/A | BJ84: #N/A | BK84: 45945 | BM84: #N/A | BN84: #N/A | BO84: #N/A | BP84: #N/A | BQ84: #N/A | BR84: #N/A | BS84: #N/A | BT84: #N/A | BU84: #N/A | BV84: #N/A | BW84: #N/A | BX84: #N/A | BY84: #N/A | BZ84: #N/A | CB84: 45841 | CC84: 1 | CD84: #N/A | CF84: #N/A
A85: 84 | B85: 41A690 | C85: 9001121 | D85: 48879224S | E85: MARIA ANGELES LOPEZ AVELLANEDA | F85: 656694947 | G85: NO | H85: SYR_BUSQUEDA_ESP_WH | I85: AGENT | J85: ESTÁNDAR | K85: ESPAÑOL | L85: 39939 | M85: LUNA MORILLO FUENTES | O85: 07_14 | P85: LIBRA | Q85: 07_14 | R85: LFS_07_15 | S85: LIBRA | T85: 07_15 | U85: 07_15 | W85: mlope031 | X85: mlope031@ec.sitel.com | Y85: 3485642 | Z85: 3481167 | AB85: sitel.malopez | AC85: MALOPEZ | AD85: 4352 | AE85: 4352ML | AF85: MALOPEZ@525 | AH85: 44641 | AI85: 44641 | AJ85: 44641 | AK85: 44641 | AL85: #N/A | AM85: #N/A | AN85: #N/A | AO85: #N/A | AP85: #N/A | AQ85: #N/A | AR85: #N/A | AS85: #N/A | AT85: #N/A | AU85: #N/A | AV85: #N/A | AW85: 45756 | AX85: #N/A | AY85: #N/A | AZ85: #N/A | BA85: #N/A | BB85: 45057 | BC85: #N/A | BD85: #N/A | BE85: #N/A | BF85: 45226 | BG85: #N/A | BH85: #N/A | BI85: #N/A | BJ85: #N/A | BK85: 45953 | BM85: #N/A | BN85: #N/A | BO85: #N/A | BP85: #N/A | BQ85: #N/A | BR85: #N/A | BS85: #N/A | BT85: #N/A | BU85: #N/A | BV85: #N/A | BW85: #N/A | BX85: #N/A | BY85: #N/A | BZ85: #N/A | CB85: 45728 | CC85: 1 | CD85: 2022-03 | CF85: #N/A
A86: 85 | B86: 41S109 | C86: 1719496 | D86: 48920926H | E86: ALVARO MARTIN ORTEGA | F86: 657187677 | G86: NO | H86: SYR_BUSQUEDA_FRA_WH | I86: AGENT | J86: ESTÁNDAR | K86: FRANCES | L86: 45195 | M86: JOSE LUIS RAMOS LOPEZ | O86: 15_21 | P86: 15_21 | Q86: 15_21 | R86: LFS_15_21 | S86: 15_21 | T86: LIBRA | U86: LIBRA | W86: amart912 | X86: amart912@ec.sitel.com | Y86: 3485834 | Z86: 3486588 | AB86: SITEL.AMARTINO | AC86: AMARTINO | AD86: 4176 | AE86: 4176AM | AF86: AMARTINO@525 | AH86: 45195 | AI86: 45237 | AJ86: 45195 | AK86: 45237 | AL86: 45238 | AM86: 45240 | AN86: #N/A | AO86: #N/A | AP86: #N/A | AQ86: #N/A | AR86: 45239 | AS86: #N/A | AT86: #N/A | AU86: #N/A | AV86: #N/A | AW86: 45754 | AX86: 45812 | AY86: #N/A | AZ86: #N/A | BA86: #N/A | BB86: #N/A | BC86: #N/A | BD86: #N/A | BE86: #N/A | BF86: 45818 | BG86: #N/A | BH86: #N/A | BI86: #N/A | BJ86: #N/A | BK86: 45968 | BM86: 45523 | BN86: 45523 | BO86: #N/A | BP86: #N/A | BQ86: #N/A | BR86: #N/A | BS86: #N/A | BT86: #N/A | BU86: #N/A | BV86: #N/A | BW86: #N/A | BX86: #N/A | BY86: #N/A | BZ86: #N/A | CB86: #N/A | CC86: 1 | CD86: 2023-17 | CF86: #N/A
A87: 86 | B87: 41J789 | C87: 9002113 | D87: 30270221J | E87: ROCIO GONZALEZ OCAÑA | F87: 675925491 | G87: NO | H87: SYR_BUSQUEDA_FRA_WH | I87: AGENT | J87: ESTÁNDAR | K87: FRANCES | L87: 43862 | M87: MARTA GOMEZ MEDRAN | O87: 08_16 | P87: 08_15 | Q87: LIBRA | R87: LFA_08_16 | S87: 08_15 | T87: 08_16 | U87: 08_16 | W87: rgonz173 | X87: rgonz173@ec.sitel.com | Y87: 3485579 | Z87: 3481262 | AB87: sitel.rgonzalez | AC87: rgonzalezo | AD87: 27775 | AE87: 7775RG | AF87: RGONZALEZ@525 | AH87: 44197 | AI87: 44197 | AJ87: 44197 | AK87: 44197 | AL87: 45075 | AM87: 45091 | AN87: 29/05/2023@ | AO87: #N/A | AP87: #N/A | AQ87: #N/A | AR87: 45091 | AS87: #N/A | AT87: #N/A | AU87: #N/A | AV87: #N/A | AW87: 45670 | AX87: #N/A | AY87: #N/A | AZ87: #N/A | BA87: 45091 | BB87: #N/A | BC87: #N/A | BD87: #N/A | BE87: #N/A | BF87: 45818 | BG87: #N/A | BH87: #N/A | BI87: #N/A | BJ87: #N/A | BK87: 45968 | BM87: #N/A | BN87: #N/A | BO87: #N/A | BP87: #N/A | BQ87: #N/A | BR87: #N/A | BS87: #N/A | BT87: #N/A | BU87: #N/A | BV87: #N/A | BW87: #N/A | BX87: #N/A | BY87: #N/A | BZ87: #N/A | CB87: #N/A | CC87: 1 | CD87: 2021-00 | CF87: #N/A
A88: 87 | B88: 41Q815 | C88: 1585042 | D88: Y8182472Y | E88: LUISSANDRA PINTO | F88: 610 215 643 | G88: NO | H88: SYR_BUSQUEDA_ING_WH | I88: AGENT | J88: ESTÁNDAR | K88: INGLÉS | L88: 44922 | M88: JOSE LUIS RAMOS LOPEZ | O88: 1530_2230 | P88: 1530_2230 | Q88: LIBRA | R88: LFS_1530_2230 | S88: LIBRA | T88: 13_20 | U88: 13_20 | W88: lpint023 | X88: lpint023@ec.sitel.com | Y88: 3485370 | Z88: 3481433 | AB88: SITEL.lpinto | AC88: LPINTO | AD88: 4375 | AE88: 4375LP | AF88: LPINTO@525 | AH88: 44802 | AI88: 44802 | AJ88: 44802 | AK88: 45057 | AL88: #N/A | AM88: #N/A | AN88: #N/A | AO88: #N/A | AP88: #N/A | AQ88: #N/A | AR88: #N/A | AS88: #N/A | AT88: #N/A | AU88: #N/A | AV88: #N/A | AW88: 45756 | AX88: #N/A | AY88: #N/A | AZ88: #N/A | BA88: #N/A | BB88: #N/A | BC88: #N/A | BD88: #N/A | BE88: #N/A | BF88: 45226 | BG88: #N/A | BH88: #N/A | BI88: #N/A | BJ88: #N/A | BK88: 45981 | BM88: #N/A | BN88: #N/A | BO88: #N/A | BP88: #N/A | BQ88: #N/A | BR88: #N/A | BS88: #N/A | BT88: #N/A | BU88: #N/A | BV88: #N/A | BW88: #N/A | BX88: #N/A | BY88: #N/A | BZ88: #N/A | CB88: #N/A | CC88: 1 | CD88: 2022-20 | CF88: #N/A
A89: 88 | B89: 41S114 | C89: 1719491 | D89: 52229339L | E89: MARTIN RODRIGUEZ MACIAS | F89: 633488445 | G89: NO | H89: SYR_BUSQUEDA_ING_WH | I89: AGENT | J89: ESTÁNDAR | K89: INGLÉS | L89: 45195 | M89: MARTA GOMEZ MEDRAN | O89: LFC_15_2130 | P89: 15_2130 | Q89: 08_1430 | R89: LFS_15_2130 | S89: 08_1430 | T89: LIBRA | U89: LIBRA | W89: mrodi011 | X89: mrodi011@ec.sitel.com | Y89: 3485838 | Z89: 3486367 | AB89: SITEL.MRODRIGUE6 | AC89: MRODRIM | AD89: 4355 | AE89: 4355MR | AF89: MRODRIGUE6@525 | AH89: 45195 | AI89: 45240 | AJ89: 45195 | AK89: 45240 | AL89: #N/A | AM89: #N/A | AN89: #N/A | AO89: #N/A | AP89: #N/A | AQ89: #N/A | AR89: #N/A | AS89: #N/A | AT89: #N/A | AU89: #N/A | AV89: #N/A | AW89: 45747 | AX89: #N/A | AY89: #N/A | AZ89: #N/A | BA89: #N/A | BB89: #N/A | BC89: #N/A | BD89: #N/A | BE89: #N/A | BF89: 45275 | BG89: #N/A | BH89: #N/A | BI89: #N/A | BJ89: #N/A | BK89: 45946 | BM89: #N/A | BN89: #N/A | BO89: #N/A | BP89: #N/A | BQ89: #N/A | BR89: #N/A | BS89: #N/A | BT89: #N/A | BU89: #N/A | BV89: #N/A | BW89: #N/A | BX89: #N/A | BY89: #N/A | BZ89: #N/A | CB89: #N/A | CC89: 1 | CD89: 2023-17 | CF89: #N/A
A90: 89 | B90: 411931 | C90: 9001348 | D90: 28495006F | E90: RAFAEL GARCIA ORTEGA | F90: 617022366 | G90: NO | H90: SYR_BUSQUEDA_ING_WH | I90: AGENT | J90: ESTÁNDAR | K90: INGLÉS | L90: 44956 | M90: LUNA MORILLO FUENTES | O90: 09_16 | P90: 09_16 | Q90: 09_16 | R90: LFS_09_16 | S90: 09_16 | T90: LIBRA | U90: LIBRA | W90: rgarc412 | X90: rgarc412@ec.sitel.com | Y90: 3485152 | Z90: 3481457 | AB90: sitel.rgarciao | AC90: RGARCIA | AD90: 4607 | AE90: 4607RG | AF90: RGARCIAO@525 | AH90: 45058 | AI90: 45062 | AJ90: 45062 | AK90: 45062 | AL90: #N/A | AM90: #N/A | AN90: #N/A | AO90: #N/A | AP90: #N/A | AQ90: #N/A | AR90: #N/A | AS90: #N/A | AT90: #N/A | AU90: #N/A | AV90: #N/A | AW90: 45733 | AX90: #N/A | AY90: #N/A | AZ90: #N/A | BA90: #N/A | BB90: #N/A | BC90: #N/A | BD90: #N/A | BE90: #N/A | BF90: #N/A | BG90: #N/A | BH90: #N/A | BI90: #N/A | BJ90: #N/A | BK90: 45945 | BM90: #N/A | BN90: #N/A | BO90: #N/A | BP90: #N/A | BQ90: #N/A | BR90: #N/A | BS90: #N/A | BT90: #N/A | BU90: #N/A | BV90: #N/A | BW90: #N/A | BX90: #N/A | BY90: #N/A | BZ90: #N/A | CB90: #N/A | CC90: 1 | CD90: #N/A | CF90: #N/A
A91: 90 | B91: 41U108 | C91: 9007059 | D91: Z0838289J | E91: MALU PEREIRA DIETRICH | F91: 637475522 | G91: NO | H91: SYR_BUSQUEDA_POR_WH | I91: AGENT | J91: ESTÁNDAR | K91: PORTUGUES | L91: 45644 | M91: MARTA GOMEZ MEDRAN | O91: 15_23 | P91: @SSYRBPOR_16_23 | Q91: 15_22 | R91: 15_23 | S91: @SSYRBPOR_15_23 | T91: LIBRA | U91: LIBRA | W91: mpere807 | X91: mpere807@ec.sitel.com | Y91: 3485260 | Z91: 3486464 | AB91: found.mpereira | AC91: MPEREIRAD | AD91: 5208 | AE91: 5208MP | AF91: MPEREIRA@525 | AH91: 45644 | AI91: 45644 | AJ91: 45644 | AK91: 45733 | AL91: #N/A | AM91: #N/A | AN91: #N/A | AO91: #N/A | AP91: #N/A | AQ91: #N/A | AR91: #N/A | AS91: #N/A | AT91: #N/A | AU91: #N/A | AV91: #N/A | AW91: 45748 | AX91: #N/A | AY91: #N/A | AZ91: #N/A | BA91: #N/A | BB91: #N/A | BC91: #N/A | BD91: #N/A | BE91: #N/A | BF91: 45818 | BG91: #N/A | BH91: #N/A | BI91: #N/A | BJ91: #N/A | BK91: 45981 | BM91: #N/A | BN91: #N/A | BO91: #N/A | BP91: #N/A | BQ91: #N/A | BR91: #N/A | BS91: #N/A | BT91: #N/A | BU91: #N/A | BV91: #N/A | BW91: #N/A | BX91: #N/A | BY91: #N/A | BZ91: #N/A | CB91: #N/A | CC91: 1 | CD91: 2024-23 | CF91: #N/A
A92: 91 | B92: 41Q621 | C92: 1577538 | D92: 44095031Y | E92: ELISABETH DA FONSECA | F92: 644 422 094 | G92: NO | H92: SYR_BUSQUEDA_POR_WH | I92: AGENT | J92: ESTÁNDAR | K92: PORTUGUÉS | L92: 44952 | M92: MARTA GOMEZ MEDRAN | O92: 09_16 | P92: 09_16 | Q92: LIBRA | R92: LFA_09_16 | S92: 09_16 | T92: 09_16 | U92: 09_16 | W92: edafo002 | X92: edafo002@ec.sitel.com | Y92: 3485705 | Z92: 3486244 | AB92: sitel.edafonseca | AC92: EDAFONSECA | AD92: 4444 | AE92: 4444ED | AF92: EDAFONSECA@525 | AH92: 44754 | AI92: 44771 | AJ92: 44771 | AK92: 44988 | AL92: #N/A | AM92: #N/A | AN92: #N/A | AO92: #N/A | AP92: #N/A | AQ92: #N/A | AR92: #N/A | AS92: #N/A | AT92: #N/A | AU92: #N/A | AV92: #N/A | AW92: 45688 | AX92: #N/A | AY92: #N/A | AZ92: #N/A | BA92: #N/A | BB92: #N/A | BC92: 45406 | BD92: #N/A | BE92: #N/A | BF92: 45226 | BG92: #N/A | BH92: #N/A | BI92: #N/A | BJ92: #N/A | BK92: 46007 | BM92: #N/A | BN92: #N/A | BO92: #N/A | BP92: #N/A | BQ92: #N/A | BR92: #N/A | BS92: #N/A | BT92: #N/A | BU92: #N/A | BV92: #N/A | BW92: #N/A | BX92: #N/A | BY92: #N/A | BZ92: #N/A | CB92: #N/A | CC92: 1 | CD92: 2022-12 | CF92: #N/A
A93: 92 | B93: 41J734 | C93: 9002626 | D93: 74226319Y | E93: VERONICA ROS GORDON | F93: 658475471 | G93: NO | H93: SYR_CATALAN_WH | I93: AGENT | J93: ESTÁNDAR | K93: CATALÁN | L93: 43242 | M93: VICTOR JOSE BASTIDA RODRIGUEZ | O93: 0930_1530 | P93: 0930_1530 | Q93: 0930_1530 | R93: 0930_1530 | S93: 0930_1530 | T93: LIBRA | U93: LIBRA | W93: vros001 | X93: vros001@ec.sitel.com | Y93: 3486032 | Z93: 3481094 | AB93: sitel.vgordon | AC93: vgordon | AD93: 27896 | AE93: 7896VR | AF93: VGORDON@525 | AH93: 44197 | AI93: 44197 | AJ93: 44197 | AK93: 44197 | AL93: 44851 | AM93: #N/A | AN93: 21/03/2025@ | AO93: #N/A | AP93: #N/A | AQ93: #N/A | AR93: #N/A | AS93: #N/A | AT93: #N/A | AU93: #N/A | AV93: #N/A | AW93: 45643 | AX93: #N/A | AY93: #N/A | AZ93: #N/A | BA93: #N/A | BB93: #N/A | BC93: #N/A | BD93: #N/A | BE93: #N/A | BF93: #N/A | BG93: #N/A | BH93: #N/A | BI93: #N/A | BJ93: #N/A | BK93: 45964 | BM93: #N/A | BN93: #N/A | BO93: #N/A | BP93: #N/A | BQ93: #N/A | BR93: #N/A | BS93: #N/A | BT93: #N/A | BU93: #N/A | BV93: #N/A | BW93: #N/A | BX93: #N/A | BY93: #N/A | BZ93: #N/A | CB93: 45728 | CC93: 1 | CD93: 2021-00 | CF93: #N/A
A94: 93 | B94: 41K196 | C94: 1693056 | D94: 48668528E | E94: CAMINO PEREZ MARTINEZ | F94: 616509872 | G94: NO | H94: SYR_CATALAN_WH | I94: AGENT | J94: ESTÁNDAR | K94: CATALÁN | L94: 45065 | M94: VIOLETA PEREZ GARCIA | O94: 13_21 | P94: 14_21 | Q94: LIBRA | R94: LFA_13_21 | S94: 14_21 | T94: 13_21 | U94: 13_21 | W94: cpere366 | X94: cpere366@ec.sitel.com | Y94: 3485777 | Z94: 3481466 | AB94: SITEL.cperez | AC94: CPEREZMART | AD94: 26381 | AE94: 6381CP | AF94: CPEREZ@525 | AH94: 45064 | AI94: 45064 | AJ94: 45064 | AK94: 45064 | AL94: #N/A | AM94: #N/A | AN94: 15/11/2023@ | AO94: #N/A | AP94: #N/A | AQ94: #N/A | AR94: #N/A | AS94: #N/A | AT94: #N/A | AU94: #N/A | AV94: #N/A | AW94: 45755 | AX94: #N/A | AY94: 45173 | AZ94: #N/A | BA94: 45244 | BB94: #N/A | BC94: #N/A | BD94: #N/A | BE94: #N/A | BF94: #N/A | BG94: #N/A | BH94: #N/A | BI94: #N/A | BJ94: #N/A | BK94: 45978 | BM94: #N/A | BN94: #N/A | BO94: #N/A | BP94: #N/A | BQ94: #N/A | BR94: #N/A | BS94: #N/A | BT94: #N/A | BU94: #N/A | BV94: #N/A | BW94: #N/A | BX94: #N/A | BY94: #N/A | BZ94: #N/A | CB94: 45734 | CC94: 1 | CD94: 2023-09 | CF94: #N/A
A95: 94 | B95: 41G262 | C95: 9003386 | D95: Y3116780H | E95: ROCIO PENG WANG | F95: 673213172 | G95: NO | H95: SYR_CHINO_WH | I95: AGENT | J95: ESTÁNDAR | K95: CHINO | L95: 42515 | M95: ANTONIO MANUEL VARGAS HERRERA | O95: 02_09 | P95: 02_09 | Q95: 02_10 | R95: LFS_02_10 | S95: 02_10 | T95: LIBRA | U95: LIBRA | W95: rpeng001 | X95: rpeng001@ec.sitel.com | Y95: 3485190 | Z95: 3486213 | AB95: sitel.pwang | AC95: rpengw | AD95: 5675 | AE95: 5675RP | AF95: 0 | AH95: 44197 | AI95: 44197 | AJ95: 44197 | AK95: 44197 | AL95: #N/A | AM95: 45614 | AN95: #N/A | AO95: #N/A | AP95: #N/A | AQ95: #N/A | AR95: #N/A | AS95: #N/A | AT95: #N/A | AU95: #N/A | AV95: #N/A | AW95: #N/A | AX95: #N/A | AY95: #N/A | AZ95: #N/A | BA95: #N/A | BB95: #N/A | BC95: #N/A | BD95: #N/A | BE95: #N/A | BF95: #N/A | BG95: #N/A | BH95: #N/A | BI95: #N/A | BJ95: #N/A | BK95: #N/A | BM95: #N/A | BN95: #N/A | BO95: #N/A | BP95: #N/A | BQ95: #N/A | BR95: #N/A | BS95: #N/A | BT95: #N/A | BU95: #N/A | BV95: #N/A | BW95: #N/A | BX95: #N/A | BY95: #N/A | BZ95: #N/A | CB95: #N/A | CC95: 1 | CD95: 2021-00 | CF95: #N/A
A96: 95 | B96: 41M117 | C96: 9004133 | D96: Y2636302X | E96: XIAOXIAO ZHANG | F96: 651153919 | G96: NO | H96: SYR_CHINO_WH | I96: AGENT | J96: ESTÁNDAR | K96: CHINO | L96: 43710 | M96: MARIA LAURA FERREIRA MIRON | O96: 02_10 | P96: 02_10 | Q96: 02_09 | R96: LFS_02_10 | S96: DLF_02_10 | T96: LIBRA | U96: LIBRA | W96: xzhan005 | X96: xzhan005@ec.sitel.com | Y96: 3485517 | Z96: 3481136 | AB96: sitel.xzhang | AC96: xixizhan | AD96: 4490 | AE96: 4490XZ | AF96: 0 | AH96: 44197 | AI96: 44197 | AJ96: 44197 | AK96: 44197 | AL96: #N/A | AM96: 45614 | AN96: #N/A | AO96: #N/A | AP96: #N/A | AQ96: #N/A | AR96: #N/A | AS96: #N/A | AT96: #N/A | AU96: #N/A | AV96: #N/A | AW96: #N/A | AX96: #N/A | AY96: #N/A | AZ96: #N/A | BA96: #N/A | BB96: #N/A | BC96: #N/A | BD96: #N/A | BE96: #N/A | BF96: #N/A | BG96: #N/A | BH96: #N/A | BI96: #N/A | BJ96: #N/A | BK96: #N/A | BM96: #N/A | BN96: #N/A | BO96: #N/A | BP96: #N/A | BQ96: #N/A | BR96: #N/A | BS96: #N/A | BT96: #N/A | BU96: #N/A | BV96: #N/A | BW96: #N/A | BX96: #N/A | BY96: #N/A | BZ96: #N/A | CB96: #N/A | CC96: 1 | CD96: 2021-00 | CF96: #N/A
A97: 96 | B97: 41B024 | C97: 9001968 | D97: 45658356H | E97: CONCEPCION CESAR MARISCAL | F97: 657061737 | G97: SI | H97: SYR_ESPAÑOL | I97: AGENT | J97: ESTÁNDAR | K97: ESPAÑOL | L97: 40206 | M97: BEATRIZ MORALES TEJADA | O97: // | P97: // | Q97: // | R97: // | S97: // | T97: // | U97: // | W97: ccesa001 | X97: ccesa001@ec.sitel.com | Y97: 3485080 | Z97: 3481320 | AB97: sitel.ccesarm | AC97: CCESA | AD97: 5159 | AE97: 5159CC | AF97: 0 | AH97: 44817 | AI97: 44817 | AJ97: 44817 | AK97: 44984 | AL97: #N/A | AM97: #N/A | AN97: #N/A | AO97: #N/A | AP97: #N/A | AQ97: #N/A | AR97: #N/A | AS97: #N/A | AT97: #N/A | AU97: #N/A | AV97: #N/A | AW97: #N/A | AX97: #N/A | AY97: #N/A | AZ97: #N/A | BA97: #N/A | BB97: #N/A | BC97: #N/A | BD97: #N/A | BE97: #N/A | BF97: #N/A | BG97: #N/A | BH97: #N/A | BI97: #N/A | BJ97: #N/A | BK97: #N/A | BM97: #N/A | BN97: #N/A | BO97: #N/A | BP97: #N/A | BQ97: #N/A | BR97: #N/A | BS97: #N/A | BT97: #N/A | BU97: #N/A | BV97: #N/A | BW97: #N/A | BX97: #N/A | BY97: #N/A | BZ97: #N/A | CB97: #N/A | CC97: 1 | CD97: 2022-22 | CF97: #N/A
A98: 97 | B98: 410512 | C98: 9000086 | D98: 28703800F | E98: MARIA CARMEN MEGIAS BARBERO | F98: 687042287 | G98: NO | H98: SYR_ESPAÑOL | I98: AGENT | J98: ESTÁNDAR | K98: ESPAÑOL | L98: 42380 | M98: VICTOR JOSE BASTIDA RODRIGUEZ | O98: 09_15 | P98: 09_15 | Q98: 09_15 | R98: LFS_09_15 | S98: 09_15 | T98: LIBRA | U98: LIBRA | W98: mmegi001 | X98: mmegi001@ec.sitel.com | Y98: 3485065 | Z98: 3481241 | AB98: sitel.mmegias | AC98: mcmegias | AD98: 27084 | AE98: 7084MM | AF98: MMEGIAS@525 | AH98: 44197 | AI98: 44197 | AJ98: 44197 | AK98: 44197 | AL98: #N/A | AM98: #N/A | AN98: #N/A | AO98: #N/A | AP98: #N/A | AQ98: #N/A | AR98: #N/A | AS98: #N/A | AT98: 44652 | AU98: #N/A | AV98: #N/A | AW98: 45643 | AX98: #N/A | AY98: #N/A | AZ98: #N/A | BA98: 45244 | BB98: #N/A | BC98: #N/A | BD98: #N/A | BE98: #N/A | BF98: #N/A | BG98: #N/A | BH98: #N/A | BI98: #N/A | BJ98: #N/A | BK98: 24/10/205 | BM98: #N/A | BN98: #N/A | BO98: #N/A | BP98: #N/A | BQ98: #N/A | BR98: #N/A | BS98: #N/A | BT98: #N/A | BU98: #N/A | BV98: #N/A | BW98: #N/A | BX98: #N/A | BY98: #N/A | BZ98: #N/A | CB98: 45726 | CC98: 1 | CD98: #N/A | CF98: #N/A
A99: 98 | B99: 41R516 | C99: 1692833 | D99: 28844681J | E99: JOSE ANTONIO GARCIA GONZALEZ | F99: 605070008 | G99: NO | H99: SYR_ESPAÑOL | I99: AGENT | J99: ESTÁNDAR | K99: ESPAÑOL | L99: 45061 | M99: VIOLETA PEREZ GARCIA | O99: 09_14 | P99: 09_14 | Q99: LIBRA | R99: LFA_09_14 | S99: 09_14 | T99: 09_14 | U99: 09_14 | W99: jgarc934 | X99: jgarc934@ec.sitel.com | Y99: 3485079 | Z99: 3481110 | AB99: SITEL.jgarciag | AC99: JAGARCIAG | AD99: 4587 | AE99: 4587JG | AF99: JGARCIAG@525 | AH99: 45058 | AI99: 45058 | AJ99: 45058 | AK99: 45058 | AL99: 46007 | AM99: #N/A | AN99: 46007 | AO99: 46008 | AP99: #N/A | AQ99: #N/A | AR99: 46007 | AS99: #N/A | AT99: #N/A | AU99: #N/A | AV99: #N/A | AW99: 45883 | AX99: #N/A | AY99: #N/A | AZ99: 46007 | BA99: #N/A | BB99: #N/A | BC99: #N/A | BD99: #N/A | BE99: #N/A | BF99: #N/A | BG99: #N/A | BH99: #N/A | BI99: #N/A | BJ99: #N/A | BK99: 24/10/205 | BM99: #N/A | BN99: #N/A | BO99: #N/A | BP99: #N/A | BQ99: #N/A | BR99: #N/A | BS99: #N/A | BT99: #N/A | BU99: #N/A | BV99: #N/A | BW99: #N/A | BX99: #N/A | BY99: #N/A | BZ99: #N/A | CB99: #N/A | CC99: 1 | CD99: 2023-06 | CF99: #N/A
A100: 99 | B100: 412983 | C100: 9001501 | D100: 28794718Y | E100: MARIA DEL ROCIO PUERTO CASCALES | F100: 661508328 | G100: SI | H100: SYR_ESPAÑOL | I100: AGENT | J100: ESTÁNDAR | K100: ESPAÑOL | L100: 38600 | M100: BEATRIZ MORALES TEJADA | O100: ILT_07_14 | P100: ILT_07_14 | Q100: ILT_07_14 | R100: LFS_07_14 | S100: ILT_07_13 | T100: LIBRA | U100: LIBRA | W100: mpuer011 | X100: mpuer011@ec.sitel.com | Y100: 3485118 | Z100: 3481160 | AB100: sitel.rpuerto | AC100: rpuerto | AD100: 5706 | AE100: 5706MP | AF100: 0 | AH100: 44197 | AI100: 45514 | AJ100: 45514 | AK100: 45514 | AL100: #N/A | AM100: #N/A | AN100: #N/A | AO100: #N/A | AP100: #N/A | AQ100: #N/A | AR100: #N/A | AS100: #N/A | AT100: #N/A | AU100: #N/A | AV100: #N/A | AW100: #N/A | AX100: #N/A | AY100: #N/A | AZ100: #N/A | BA100: #N/A | BB100: #N/A | BC100: #N/A | BD100: #N/A | BE100: #N/A | BF100: #N/A | BG100: #N/A | BH100: #N/A | BI100: #N/A | BJ100: #N/A | BK100: #N/A | BM100: #N/A | BN100: #N/A | BO100: #N/A | BP100: #N/A | BQ100: #N/A | BR100: #N/A | BS100: #N/A | BT100: #N/A | BU100: #N/A | BV100: #N/A | BW100: #N/A | BX100: #N/A | BY100: #N/A | BZ100: #N/A | CB100: #N/A | CC100: 1 | CD100: #N/A | CF100: #N/A
...

Sheet CAMBIAR USB
A1: ID_EMPL | B1: ID_BOOST | C1: DNI | D1: NOMBRE | E1: TM | F1: TLF | G1: ENTREGADO
A2: 41K443 | B2: 9002826 | C2: 30235487D | D2: ABEL ANDRES PARRA FUENTES | E2: JOGREG HENRIQUEZ AELLOS | F2: 722236393 | I2: SI
A3: 41W001 | B3: 9000017 | C3: Y5055589L | D3: ABNER JOSE TEHN MUTTACH | E3: JESUS DENIZ PRADOS | F3: 644605589 | I3: NO
A4: 416305 | B4: 9001101 | C4: 53351822X | D4: ADRIAN LOPEZ MAYA | E4: SORAYA RAMOS PAREDES | F4: 660263206 | I4: TRABAJA DESDE EL SITE
A5: 41J724 | B5: 9002618 | C5: 28832465X | D5: ADRIANA ROBLES ARCOS | E5: ANA MARIA DIAZ PURA | F5: 626282555 | G5: SI
A6: 414909 | B6: 9000486 | C6: 52288528Y | D6: AGUASANTA ORTEGA GOMEZ | E6: CRISTIAN JOSE MORENO BERLANGA | F6: ELIMINADO RGDP
A7: 41I925 | B7: 9002542 | C7: X1941215S | D7: ALDO GUARINI | E7: ROCIO LEAL HURTADO | F7: 601151761 | G7: SI
A8: 417221 | B8: 9000982 | C8: 53277480G | D8: ALEJANDRA CABEZAS PEDRAZA | E8: ANTONIO MANUEL VARGAS HERRERA | F8: 653447825
A9: 41G606 | B9: 9003164 | C9: 73010243D | D9: ALEJANDRA CENTRON BROCO | E9: JOSE ANTONIO CAMACHO ROMANO | F9: 630145191
A10: 41F115 | B10: 9003540 | C10: 25593929N | D10: ALEJANDRO MORENO SANCHEZ | E10: MARIA EMILIA ALEMAN NOCEA | F10: 639511094 | G10: SI
A11: 41H199 | B11: 9003557 | C11: 28827260A | D11: ALEJANDRO SANZ ZAMBRANO | E11: LUIS MIGUEL ENCARNACAO CORTES | F11: 657993036
A12: 41G006 | B12: 9003138 | C12: Y0113442C | D12: ALETHEIA ROSA LUCIO | E12: ROCIO LEAL HURTADO | F12: 605523370
A13: 41J711 | B13: 9002610 | C13: 53280484H | D13: ALICIA LEON PIRSON | E13: JOSE ANTONIO CAMACHO ROMANO | F13: 617734694
A14: 41F998 | B14: 9003135 | C14: 48460863R | D14: ALICIA LOPEZ LOPEZ | E14: JESUS DENIZ PRADOS | F14: 649887884
A15: 41H363 | B15: 9003113 | C15: 48875523V | D15: ALONSO MONTOYA NAVARRO | E15: FREDWAR ALBERTO SEQUERA OLIVEROS | F15: 663459936
A16: 41M625 | B16: 9005234 | C16: 30241761G | D16: ALVARO PEINADO RUIZ | E16: FREDWAR ALBERTO SEQUERA OLIVEROS | F16: 677891661
A17: 41H839 | B17: 9003105 | C17: 48618953N | D17: ANA BEJARANO CORDERO | E17: JOGREG HENRIQUEZ AELLOS | F17: 665932821
A18: 41D719 | B18: 9001428 | C18: 27317518G | D18: ANA BELEN FERNANDEZ CASERO | E18: MARIA EMILIA ALEMAN NOCEA | F18: 687225393
A19: 41H193 | B19: 9003551 | C19: 28817053P | D19: ANA INFANTE ZUMER | E19: JOSE ANTONIO CAMACHO ROMANO | F19: 618379711
A20: 41H197 | B20: 9003555 | C20: 28615647J | D20: ANA ISABEL MUÑOZ GARCIA | E20: CRISTIAN JOSE MORENO BERLANGA | F20: 645716634
A21: 41K434 | B21: 9002821 | C21: 28836522L | D21: ANA KLEISCH CASCAJO | E21: JESUS NICOLAS BECERRA BARBA | F21: 633485115
A22: 41J753 | B22: 9002251 | C22: 77814122Q | D22: ANA MARIA CORRO CARRERA | E22: JESUS NICOLAS BECERRA BARBA | F22: 659738951
A23: 410641 | B23: 9000075 | C23: 28585919R | D23: ANA MARIA GAVIRA MUÑOZ | E23: FREDWAR ALBERTO SEQUERA OLIVEROS | F23: 954406621
A24: 418649 | B24: 9001011 | C24: 28844386V | D24: ANA MARIA RODRIGUEZ GAVIRA | E24: ROCIO LEAL HURTADO | F24: 692386517
A25: 41E998 | B25: 9003027 | C25: 28594373Z | D25: ANA MATEO SANCHEZ | E25: CRISTIAN JOSE MORENO BERLANGA | F25: 609648168
A26: 41P283 | B26: 1543539 | C26: 30267248F | D26: ANA RODRIGUEZ RIASCO | E26: TANIA CACERES DROGUET | F26: 644810616
A27: 41F991 | B27: 9003132 | C27: X7277758Y | D27: ANDREA MARIA ACQUALAGNA | E27: ROCIO LEAL HURTADO | F27: 606692040
A28: 41B458 | B28: 9001696 | C28: 53275666F | D28: ANGEL RODRIGUEZ FORERO | E28: ANA MARIA DIAZ PURA | F28: PDTE
A29: 41K392 | B29: 9002096 | C29: X3276882A | D29: ANGELA DANIELA CABRAL LOUSADA | E29: LUIS MIGUEL ENCARNACAO CORTES | F29: 662506848
A30: 41I120 | B30: 9002337 | C30: 44954311Y | D30: ANGELES MARIA CARMONA MARQUEZ | E30: IVAN BAEZA AGUILERA | F30: 633697522
A31: 412591 | B31: 9000572 | C31: 28883994L | D31: ANTONIA MUÑOZ LUNA | E31: LUNA MORILLO FUENTES | F31: 660348118
A32: 41G632 | B32: 9003390 | C32: 28865924G | D32: ANTONIO JESUS DEL CUETO MUÑOZ | E32: ROCIO LEAL HURTADO | F32: 654543703
A33: 41F993 | B33: 9003134 | C33: 75817974S | D33: BEATRIZ ARCE CAILLAUD | E33: CRISTIAN JOSE MORENO BERLANGA | F33: 670060173
A34: 41F098 | B34: 9003010 | C34: 45806583J | D34: BEATRIZ CARMONA FUENTES | E34: CRISTIAN JOSE MORENO BERLANGA | F34: 687377028
A35: 41M617 | B35: 9005251 | C35: 47564441G | D35: BELEN DE LUQUE JIMENEZ | E35: TANIA CACERES DROGUET | F35: 627098947
A36: 41K126 | B36: 9002019 | C36: 49031766K | D36: BLANCA REY LOPEZ | E36: ANA MARIA DIAZ PURA | F36: 659984642
A37: 41K247 | B37: 9001983 | C37: Y2259824L | D37: CAIO CESAR DA SILVA | E37: ANTONIO MANUEL VARGAS HERRERA | F37: 681053963
A38: 41I940 | B38: 9002547 | C38: Y5522456D | D38: CALEBE SIMOES DE SOUZA | E38: LUIS MIGUEL ENCARNACAO CORTES | F38: 686572115
A39: 41H194 | B39: 9003552 | C39: Y1736508E | D39: CAMILA MALLET COSTA | E39: MARIA EMILIA ALEMAN NOCEA | F39: 664131692
A40: 41J757 | B40: 9002255 | C40: 53294281S | D40: CARLA FERNANDEZ GOMEZ | E40: JESUS DENIZ PRADOS | F40: 615049183
A41: 41Q218 | B41: 1529909 | C41: Y8584938H | D41: CARLO MARGOTTO SOARES | E41: JOSE RAMON PEREZ RUIZ | F41: 608958635
A42: 41D409 | B42: 9003661 | C42: Y3045805K | D42: CARLOS ALBERTO DE JESUS BOATTINI | E42: ANTONIO MANUEL VARGAS HERRERA | F42: 648939378
A43: 41J769 | B43: 9002262 | C43: 26496355X | D43: CARLOS ANTONIO PAEZ CUBA | E43: ANA MARIA DIAZ PURA | F43: 635345902
A44: 41E123 | B44: 9001186 | C44: 28841288R | D44: CARLOS GARCIA MORENO | E44: ROCIO LEAL HURTADO | F44: 652327727
A45: 416110 | B45: 9000658 | C45: 47502431W | D45: CARLOS MARTOS PEREZ | E45: JESUS DENIZ PRADOS | F45: 691955112
A46: 41E140 | B46: 9001205 | C46: 77804098C | D46: CARLOS SANCHEZ ORTEGA | E46: LUIS MIGUEL ENCARNACAO CORTES | F46: 686732395
A47: 412818 | B47: 9000555 | C47: 28882370M | D47: CARMEN MUÑOZ MATEO | E47: LUNA MORILLO FUENTES | F47: 666154544 | G47: SI
A48: 41K425 | B48: 9002816 | C48: Y4842543E | D48: CAROLINE DE MORAIS SANTOS ARAUJO | E48: IVAN BAEZA AGUILERA | F48: 644756529
A49: 41K391 | B49: 9002095 | C49: 52230435B | D49: CELINE EMMA BENITEZ SAUREL | E49: LUIS MIGUEL ENCARNACAO CORTES | F49: 664143086
A50: 41Q216 | B50: 1529910 | C50: 03193728V | D50: CINTIA DA SILVA PINA | E50: LUIS MIGUEL ENCARNACAO CORTES | F50: 658549310
A51: 41J755 | B51: 9002253 | C51: 30241759W | D51: CRISTINA DELGADO RUIZ | E51: ANA MARIA DIAZ PURA | F51: 651542226
A52: 41B304 | B52: 9001872 | C52: 53277511N | D52: CRISTINA PAZ LOPEZ | E52: ANA MARIA DIAZ PURA | F52: 645355346 | G52: SI
A53: 41J771 | B53: 9002264 | C53: 15439801Q | D53: CRISTINA ROSADO AGUILAR | E53: JESUS DENIZ PRADOS | F53: 656378964
A54: 415804 | B54: 9001449 | C54: 53771477F | D54: CRISTINA ROSADO CRUZ | E54: ANA MARIA DIAZ PURA | F54: 629027122
A55: 41K451 | B55: 9002829 | C55: 43178654H | D55: CRISTINA TRILLO MARTIN | E55: LUNA MORILLO FUENTES | F55: 678181683
A56: 41I942 | B56: 9002548 | C56: 30258995B | D56: CRISTINA VAZQUEZ MATEO | E56: MARIA EMILIA ALEMAN NOCEA | F56: 630704316
A57: 41H201 | B57: 9003558 | C57: 48963042K | D57: CRISTINA VELASCO ROMAN | E57: JOSE ANTONIO CAMACHO ROMANO | F57: 675745177
A58: 413101 | B58: 9003039 | C58: 28897605Z | D58: CRISTOBAL GUZMAN BORREGO | E58: ROCIO LEAL HURTADO | F58: PDTE | G58: SI
A59: 41H324 | B59: 9003266 | C59: 31909691C | D59: DANA DANKO TKACOVA | E59: JOSE ANTONIO CAMACHO ROMANO | F59: 658419018
A60: 41L118 | B60: 9002360 | C60: 76089736D | D60: DANIEL GARCIA SOSA | E60: ANTONIO MANUEL VARGAS HERRERA | F60: 615812795
A61: 41Q221 | B61: 1529911 | C61: X9687254E | D61: DANIELA FERREIRA DAMASCENO | E61: LUIS MIGUEL ENCARNACAO CORTES | F61: 662251842
A62: 41J722 | B62: 9002616 | C62: Y1206437D | D62: DANIELA PROCOPIO . | E62: ANTONIO VELASCO ROMAN | F62: 655565653
A63: 41G617 | B63: 9003168 | C63: 28629782A | D63: DAVID NAVAJAS JIMENEZ | E63: JOSE RAMON PEREZ RUIZ | F63: 633103214
A64: 41C813 | B64: 9001627 | C64: 28629172Z | D64: DAVID SILVA MANZANO | E64: SORAYA RAMOS PAREDES | F64: 690119731
A65: 41L373 | B65: 9003808 | C65: X7308410E | D65: DENNIS JOSE DE CASTRO | E65: ANTONIO MANUEL VARGAS HERRERA | F65: 663405707
A66: 413140 | B66: 9000380 | C66: 28772671Q | D66: DESIREE CONTRERAS PORRAS | E66: CRISTIAN JOSE MORENO BERLANGA | F66: 954423809 / 650271944
A67: 41K257 | B67: 9002003 | C67: 77591544D | D67: DIEGO SANCHEZ GARCIA | E67: LUIS MIGUEL ENCARNACAO CORTES | F67: 620101696
A68: 419601 | B68: 9003022 | C68: 28783684N | D68: DOLORES ARENAS HERRERA | E68: JESUS DENIZ PRADOS | F68: 652638869
A69: 412975 | B69: 9000454 | C69: 29438801C | D69: DOLORES PILAR FERNANDEZ SANCHEZ | E69: ANA MARIA DIAZ PURA | F69: 661753946
A70: 41j716 | B70: 9002614 | C70: 28806007W | D70: DOMENICA MARVULLI LOPEZ | E70: ANTONIO VELASCO ROMAN | F70: 685470230
A71: 41C606 | B71: 9001381 | C71: 28643414L | D71: EDUARDO GARCIA LUENGO | E71: ANA VILLENA JOYA | F71: 625559888
A72: 41J076 | B72: 9002297 | C72: 49030315L | D72: ELENA CANO CONESA | E72: JOSE RAMON PEREZ RUIZ | F72: 661308309 | G72: SI
A73: 41J774 | B73: 9002267 | C73: 45813007C | D73: ELENA TORRALBO AUGUSTO | E73: ANTONIO MANUEL VARGAS HERRERA | F73: 633183160 | G73: NO
A74: 41H203 | B74: 9003108 | C74: X6410592D | D74: ELISA AVENTAGGIATO | E74: PATRICIA MORENO VARGAS | F74: 647016992
A75: 41P284 | B75: 1543517 | C75: 30229907H | D75: ELISABET VERDU REINA | E75: TANIA CACERES DROGUET | F75: 645366468
A76: 417775 | B76: 9000724 | C76: 20799486B | D76: ELIZABETH GARCIA OCHERA | E76: TANIA CACERES DROGUET | F76: 657995848
A77: 41G211 | B77: 9003442 | C77: 47266718Q | D77: ERIKA PAULA GUEDES ORTIZ | E77: JESUS NICOLAS BECERRA BARBA | F77: 666362590
A78: 412364 | B78: 9001413 | C78: 70348363B | D78: ESPERANZA HERNANDEZ RODRIGUEZ | E78: MARIA EMILIA ALEMAN NOCEA | F78: 677378765
A79: 41D784 | B79: 9001165 | C79: 34034897A | D79: EVA MARIA CARRASCO SANCHEZ | E79: LUNA MORILLO FUENTES | F79: 622406718
A80: 41F007 | B80: 9003539 | C80: 28767706L | D80: EVA MARIA GALLEGO DE SA | E80: MARIA EMILIA ALEMAN NOCEA | F80: 697687082
A81: 412103 | B81: 9000323 | C81: 28493024A | D81: EVA MARIA GARCIA HUESO | E81: PATRICIA MORENO VARGAS | F81: 652466140
A82: 412076 | B82: 9000411 | C82: 28487890K | D82: EVA MARIA LAVADO GALLARDO | E82: PATRICIA MORENO VARGAS | F82: 645878302
A83: 41J058 | B83: 9002844 | C83: Y3194945Y | D83: FABIO GREGORI | E83: SORAYA RAMOS PAREDES | F83: 662070503 | G83: SI
A84: 41C230 | B84: 9001686 | C84: 45659548V | D84: FERNANDO GARCIA TORRES | E84: MIGUEL BENITEZ GARCIA | F84: 657087057
A85: 41K457 | B85: 9002158 | C85: 44607972R | D85: FRANCISCA FERNANDEZ PULIDO | E85: JOGREG HENRIQUEZ AELLOS | F85: 658288630
A86: 41M397 | B86: 9004616 | C86: 77823967V | D86: FRANCISCO ANTONIO SANCHEZ DE LILLO | E86: ROCIO LEAL HURTADO | F86: 625189232
A87: 414099 | B87: 9001448 | C87: 28603443E | D87: FRANCISCO JAVIER GONZALEZ GUTIERREZ | E87: SORAYA RAMOS PAREDES | F87: 670970127
A88: 419753 | B88: 9001040 | C88: 28711736P | D88: FRANCISCO JAVIER JIMENEZ HERNANDEZ | E88: ANA VILLENA JOYA | F88: 626971886
A89: 419872 | B89: 9001025 | C89: 48824475Y | D89: FRANCISCO JOSE ARAGON ALARCON | E89: CRISTIAN JOSE MORENO BERLANGA | F89: 630180324
A90: 41K462 | B90: 9002161 | C90: 75761290A | D90: FRANCISCO JOSE ROMERO LINERO | E90: JOSE ANTONIO CAMACHO ROMANO | F90: 678870208
A91: 412864 | B91: 9000522 | C91: 44208708V | D91: GLORIA RODRIGUEZ CUESTA | E91: ANA MARIA DIAZ PURA | F91: 954904094 / 635523174
A92: 41G001 | B92: 9003137 | C92: X9562468B | D92: GRAZIELLA OTERO AMUEDO | E92: MIGUEL BENITEZ GARCIA | F92: 695172316
A93: 41E602 | B93: 9001359 | C93: X9555115H | D93: GUALTIERO TESSARI | E93: JESUS DENIZ PRADOS | F93: 677351741
A94: 414051 | B94: 9003273 | C94: 46591691Q | D94: HORTENSIA FERNANDEZ GARCIA | E94: SORAYA RAMOS PAREDES | F94: 630792018
A95: 416567 | B95: 9000561 | C95: 27321899S | D95: IGNACIO DE LA CASA JEREZ | E95: JOSE ANTONIO CAMACHO ROMANO | F95: 658124998
A96: 41J068 | B96: 9002848 | C96: Y1784158Q | D96: INNA VODOREZOVA | E96: SORAYA RAMOS PAREDES | F96: 672714215 | G96: TRABAJA DESDE EL SITE
A97: 412000 | B97: 9000230 | C97: 28725909J | D97: ISABEL MARIA CUENCA CHARNECO | E97: LUIS MIGUEL ENCARNACAO CORTES | F97: 954413436 / 657480829
A98: 41F031 | B98: 9003011 | C98: 77811374M | D98: ISRAEL GONZALEZ FERNANDEZ | E98: ANTONIO MANUEL VARGAS HERRERA | F98: 685276124
A99: 41H366 | B99: 9003115 | C99: 49033120H | D99: JAIME NAVARRO GOMEZ | E99: MARIA EMILIA ALEMAN NOCEA | F99: 661330153
A100: 419604 | B100: 9000625 | C100: 28827301K | D100: JANINE GANDERT GOMEZ | E100: IVAN BAEZA AGUILERA | F100: 661928919
...
